event_id,date,sku,warehouse_id,transaction_type,quantity,unit_cost
EVT-0000-SKU-001,2026-03-30,SKU-001,WH-003,DELIVERY,55,104.19
REC-0000-SKU-001,2026-03-30,SKU-001,WH-003,RECEIPT,219,79.99
EVT-0000-SKU-002,2026-03-30,SKU-002,WH-002,DELIVERY,52,83.1
REC-0000-SKU-002,2026-03-30,SKU-002,WH-002,RECEIPT,209,316.93
EVT-0000-SKU-003,2026-03-30,SKU-003,WH-003,DELIVERY,45,141.4
REC-0000-SKU-003,2026-03-30,SKU-003,WH-003,RECEIPT,81,389.05
EVT-0000-SKU-004,2026-03-30,SKU-004,WH-001,DELIVERY,56,196.52
REC-0000-SKU-004,2026-03-30,SKU-004,WH-001,RECEIPT,135,480.32
EVT-0000-SKU-005,2026-03-30,SKU-005,WH-002,DELIVERY,49,198.22
REC-0000-SKU-005,2026-03-30,SKU-005,WH-002,RECEIPT,91,375.68
EVT-0000-SKU-006,2026-03-30,SKU-006,WH-003,DELIVERY,47,464.26
REC-0000-SKU-006,2026-03-30,SKU-006,WH-003,RECEIPT,221,174.86
EVT-0000-SKU-007,2026-03-30,SKU-007,WH-003,DELIVERY,22,364.1
REC-0000-SKU-007,2026-03-30,SKU-007,WH-003,RECEIPT,249,144.83
EVT-0000-SKU-008,2026-03-30,SKU-008,WH-002,DELIVERY,23,433.45
REC-0000-SKU-008,2026-03-30,SKU-008,WH-002,RECEIPT,177,167.87
EVT-0000-SKU-009,2026-03-30,SKU-009,WH-003,DELIVERY,43,348.28
REC-0000-SKU-009,2026-03-30,SKU-009,WH-003,RECEIPT,235,332.09
EVT-0000-SKU-010,2026-03-30,SKU-010,WH-003,DELIVERY,33,115.17
REC-0000-SKU-010,2026-03-30,SKU-010,WH-003,RECEIPT,149,495.18
EVT-0000-SKU-011,2026-03-30,SKU-011,WH-003,DELIVERY,36,393.42
REC-0000-SKU-011,2026-03-30,SKU-011,WH-003,RECEIPT,138,418.03
EVT-0000-SKU-012,2026-03-30,SKU-012,WH-002,DELIVERY,32,70.45
REC-0000-SKU-012,2026-03-30,SKU-012,WH-002,RECEIPT,134,341.5
EVT-0000-SKU-013,2026-03-30,SKU-013,WH-002,DELIVERY,52,104.23
REC-0000-SKU-013,2026-03-30,SKU-013,WH-002,RECEIPT,229,237.08
EVT-0000-SKU-014,2026-03-30,SKU-014,WH-003,DELIVERY,28,140.89
REC-0000-SKU-014,2026-03-30,SKU-014,WH-003,RECEIPT,210,267.02
EVT-0000-SKU-015,2026-03-30,SKU-015,WH-001,DELIVERY,44,353.02
REC-0000-SKU-015,2026-03-30,SKU-015,WH-001,RECEIPT,178,215.54
EVT-0000-SKU-016,2026-03-30,SKU-016,WH-002,DELIVERY,34,486.7
REC-0000-SKU-016,2026-03-30,SKU-016,WH-002,RECEIPT,109,353.59
EVT-0000-SKU-017,2026-03-30,SKU-017,WH-003,DELIVERY,40,175.01
REC-0000-SKU-017,2026-03-30,SKU-017,WH-003,RECEIPT,196,41.49
EVT-0000-SKU-018,2026-03-30,SKU-018,WH-003,DELIVERY,19,161.16
REC-0000-SKU-018,2026-03-30,SKU-018,WH-003,RECEIPT,209,459.81
EVT-0000-SKU-019,2026-03-30,SKU-019,WH-003,DELIVERY,34,110.31
REC-0000-SKU-019,2026-03-30,SKU-019,WH-003,RECEIPT,218,478.61
EVT-0000-SKU-020,2026-03-30,SKU-020,WH-003,DELIVERY,56,315.51
REC-0000-SKU-020,2026-03-30,SKU-020,WH-003,RECEIPT,84,91.46
EVT-0001-SKU-001,2026-03-31,SKU-001,WH-002,DELIVERY,56,66.65
EVT-0001-SKU-002,2026-03-31,SKU-002,WH-001,DELIVERY,24,415.37
EVT-0001-SKU-003,2026-03-31,SKU-003,WH-001,DELIVERY,24,282.73
EVT-0001-SKU-004,2026-03-31,SKU-004,WH-001,DELIVERY,15,387.42
EVT-0001-SKU-005,2026-03-31,SKU-005,WH-003,DELIVERY,25,241.53
EVT-0001-SKU-006,2026-03-31,SKU-006,WH-001,DELIVERY,76,69.45
EVT-0001-SKU-007,2026-03-31,SKU-007,WH-003,DELIVERY,72,145.31
EVT-0001-SKU-008,2026-03-31,SKU-008,WH-002,DELIVERY,34,149.48
EVT-0001-SKU-009,2026-03-31,SKU-009,WH-001,DELIVERY,21,305.06
EVT-0001-SKU-010,2026-03-31,SKU-010,WH-002,DELIVERY,35,127.59
EVT-0001-SKU-011,2026-03-31,SKU-011,WH-003,DELIVERY,28,375.37
EVT-0001-SKU-012,2026-03-31,SKU-012,WH-001,DELIVERY,45,196.08
EVT-0001-SKU-013,2026-03-31,SKU-013,WH-001,DELIVERY,45,124.4
EVT-0001-SKU-014,2026-03-31,SKU-014,WH-001,DELIVERY,53,74.68
EVT-0001-SKU-015,2026-03-31,SKU-015,WH-001,DELIVERY,93,466.13
EVT-0001-SKU-016,2026-03-31,SKU-016,WH-001,DELIVERY,27,261.42
EVT-0001-SKU-017,2026-03-31,SKU-017,WH-001,DELIVERY,40,466.2
EVT-0001-SKU-018,2026-03-31,SKU-018,WH-002,DELIVERY,40,480.37
EVT-0001-SKU-019,2026-03-31,SKU-019,WH-001,DELIVERY,43,378.44
EVT-0001-SKU-020,2026-03-31,SKU-020,WH-003,DELIVERY,47,63.07
EVT-0002-SKU-001,2026-04-01,SKU-001,WH-003,DELIVERY,52,273.6
EVT-0002-SKU-002,2026-04-01,SKU-002,WH-001,DELIVERY,32,350.6
EVT-0002-SKU-003,2026-04-01,SKU-003,WH-002,DELIVERY,58,313.48
EVT-0002-SKU-004,2026-04-01,SKU-004,WH-002,DELIVERY,57,300.0
EVT-0002-SKU-005,2026-04-01,SKU-005,WH-002,DELIVERY,45,222.06
EVT-0002-SKU-006,2026-04-01,SKU-006,WH-002,DELIVERY,58,385.86
EVT-0002-SKU-007,2026-04-01,SKU-007,WH-001,DELIVERY,0,73.7
EVT-0002-SKU-008,2026-04-01,SKU-008,WH-003,DELIVERY,51,469.3
EVT-0002-SKU-009,2026-04-01,SKU-009,WH-001,DELIVERY,35,363.63
EVT-0002-SKU-010,2026-04-01,SKU-010,WH-003,DELIVERY,45,177.71
EVT-0002-SKU-011,2026-04-01,SKU-011,WH-001,DELIVERY,37,111.51
EVT-0002-SKU-012,2026-04-01,SKU-012,WH-003,DELIVERY,65,197.72
EVT-0002-SKU-013,2026-04-01,SKU-013,WH-003,DELIVERY,14,82.46
EVT-0002-SKU-014,2026-04-01,SKU-014,WH-002,DELIVERY,41,193.44
EVT-0002-SKU-015,2026-04-01,SKU-015,WH-003,DELIVERY,47,364.61
EVT-0002-SKU-016,2026-04-01,SKU-016,WH-001,DELIVERY,39,446.23
EVT-0002-SKU-017,2026-04-01,SKU-017,WH-003,DELIVERY,51,237.7
EVT-0002-SKU-018,2026-04-01,SKU-018,WH-002,DELIVERY,42,469.22
EVT-0002-SKU-019,2026-04-01,SKU-019,WH-002,DELIVERY,42,398.85
EVT-0002-SKU-020,2026-04-01,SKU-020,WH-003,DELIVERY,48,465.85
EVT-0003-SKU-001,2026-04-02,SKU-001,WH-001,DELIVERY,61,51.4
EVT-0003-SKU-002,2026-04-02,SKU-002,WH-002,DELIVERY,36,437.47
EVT-0003-SKU-003,2026-04-02,SKU-003,WH-002,DELIVERY,50,57.81
EVT-0003-SKU-004,2026-04-02,SKU-004,WH-001,DELIVERY,55,462.49
EVT-0003-SKU-005,2026-04-02,SKU-005,WH-002,DELIVERY,50,343.62
EVT-0003-SKU-006,2026-04-02,SKU-006,WH-002,DELIVERY,18,71.93
EVT-0003-SKU-007,2026-04-02,SKU-007,WH-002,DELIVERY,32,286.66
EVT-0003-SKU-008,2026-04-02,SKU-008,WH-001,DELIVERY,30,160.16
EVT-0003-SKU-009,2026-04-02,SKU-009,WH-001,DELIVERY,49,184.29
EVT-0003-SKU-010,2026-04-02,SKU-010,WH-002,DELIVERY,48,127.44
EVT-0003-SKU-011,2026-04-02,SKU-011,WH-003,DELIVERY,26,355.95
EVT-0003-SKU-012,2026-04-02,SKU-012,WH-002,DELIVERY,45,476.48
EVT-0003-SKU-013,2026-04-02,SKU-013,WH-003,DELIVERY,30,178.15
EVT-0003-SKU-014,2026-04-02,SKU-014,WH-003,DELIVERY,61,225.1
EVT-0003-SKU-015,2026-04-02,SKU-015,WH-003,DELIVERY,48,351.57
EVT-0003-SKU-016,2026-04-02,SKU-016,WH-003,DELIVERY,48,226.79
EVT-0003-SKU-017,2026-04-02,SKU-017,WH-002,DELIVERY,37,341.16
EVT-0003-SKU-018,2026-04-02,SKU-018,WH-002,DELIVERY,52,138.3
EVT-0003-SKU-019,2026-04-02,SKU-019,WH-003,DELIVERY,42,331.15
EVT-0003-SKU-020,2026-04-02,SKU-020,WH-001,DELIVERY,44,385.52
EVT-0004-SKU-001,2026-04-03,SKU-001,WH-001,DELIVERY,42,492.61
EVT-0004-SKU-002,2026-04-03,SKU-002,WH-002,DELIVERY,33,329.69
EVT-0004-SKU-003,2026-04-03,SKU-003,WH-003,DELIVERY,35,341.79
EVT-0004-SKU-004,2026-04-03,SKU-004,WH-001,DELIVERY,26,140.67
EVT-0004-SKU-005,2026-04-03,SKU-005,WH-001,DELIVERY,14,101.34
EVT-0004-SKU-006,2026-04-03,SKU-006,WH-003,DELIVERY,30,297.11
EVT-0004-SKU-007,2026-04-03,SKU-007,WH-002,DELIVERY,25,422.06
EVT-0004-SKU-008,2026-04-03,SKU-008,WH-001,DELIVERY,27,258.35
EVT-0004-SKU-009,2026-04-03,SKU-009,WH-001,DELIVERY,45,262.91
EVT-0004-SKU-010,2026-04-03,SKU-010,WH-002,DELIVERY,31,368.23
EVT-0004-SKU-011,2026-04-03,SKU-011,WH-002,DELIVERY,26,109.38
EVT-0004-SKU-012,2026-04-03,SKU-012,WH-003,DELIVERY,61,138.42
EVT-0004-SKU-013,2026-04-03,SKU-013,WH-002,DELIVERY,33,423.13
EVT-0004-SKU-014,2026-04-03,SKU-014,WH-003,DELIVERY,51,48.98
EVT-0004-SKU-015,2026-04-03,SKU-015,WH-002,DELIVERY,51,432.59
EVT-0004-SKU-016,2026-04-03,SKU-016,WH-003,DELIVERY,40,291.22
EVT-0004-SKU-017,2026-04-03,SKU-017,WH-002,DELIVERY,42,194.62
EVT-0004-SKU-018,2026-04-03,SKU-018,WH-003,DELIVERY,52,255.0
EVT-0004-SKU-019,2026-04-03,SKU-019,WH-003,DELIVERY,14,344.98
EVT-0004-SKU-020,2026-04-03,SKU-020,WH-003,DELIVERY,34,438.75
EVT-0005-SKU-001,2026-04-04,SKU-001,WH-001,DELIVERY,39,195.25
EVT-0005-SKU-002,2026-04-04,SKU-002,WH-002,DELIVERY,50,422.69
EVT-0005-SKU-003,2026-04-04,SKU-003,WH-001,DELIVERY,20,477.88
EVT-0005-SKU-004,2026-04-04,SKU-004,WH-003,DELIVERY,43,480.35
REC-0005-SKU-004,2026-04-04,SKU-004,WH-003,RECEIPT,87,476.82
EVT-0005-SKU-005,2026-04-04,SKU-005,WH-001,DELIVERY,48,257.84
EVT-0005-SKU-006,2026-04-04,SKU-006,WH-003,DELIVERY,25,253.92
EVT-0005-SKU-007,2026-04-04,SKU-007,WH-002,DELIVERY,48,92.69
EVT-0005-SKU-008,2026-04-04,SKU-008,WH-002,DELIVERY,54,51.81
EVT-0005-SKU-009,2026-04-04,SKU-009,WH-003,DELIVERY,26,368.91
EVT-0005-SKU-010,2026-04-04,SKU-010,WH-003,DELIVERY,12,328.53
EVT-0005-SKU-011,2026-04-04,SKU-011,WH-003,DELIVERY,43,95.69
REC-0005-SKU-011,2026-04-04,SKU-011,WH-003,RECEIPT,168,285.06
EVT-0005-SKU-012,2026-04-04,SKU-012,WH-003,DELIVERY,16,272.74
EVT-0005-SKU-013,2026-04-04,SKU-013,WH-001,DELIVERY,53,481.96
EVT-0005-SKU-014,2026-04-04,SKU-014,WH-003,DELIVERY,21,121.02
EVT-0005-SKU-015,2026-04-04,SKU-015,WH-003,DELIVERY,45,240.36
EVT-0005-SKU-016,2026-04-04,SKU-016,WH-002,DELIVERY,26,422.14
EVT-0005-SKU-017,2026-04-04,SKU-017,WH-002,DELIVERY,46,320.75
EVT-0005-SKU-018,2026-04-04,SKU-018,WH-002,DELIVERY,33,431.44
EVT-0005-SKU-019,2026-04-04,SKU-019,WH-002,DELIVERY,45,444.95
EVT-0005-SKU-020,2026-04-04,SKU-020,WH-003,DELIVERY,240,79.38
EVT-0006-SKU-001,2026-04-05,SKU-001,WH-002,DELIVERY,31,367.45
EVT-0006-SKU-002,2026-04-05,SKU-002,WH-001,DELIVERY,36,141.93
EVT-0006-SKU-003,2026-04-05,SKU-003,WH-002,DELIVERY,34,198.13
EVT-0006-SKU-004,2026-04-05,SKU-004,WH-002,DELIVERY,30,164.62
EVT-0006-SKU-005,2026-04-05,SKU-005,WH-001,DELIVERY,45,286.5
EVT-0006-SKU-006,2026-04-05,SKU-006,WH-001,DELIVERY,45,262.73
EVT-0006-SKU-007,2026-04-05,SKU-007,WH-001,DELIVERY,44,179.04
EVT-0006-SKU-008,2026-04-05,SKU-008,WH-002,DELIVERY,31,65.08
EVT-0006-SKU-009,2026-04-05,SKU-009,WH-003,DELIVERY,56,87.19
EVT-0006-SKU-010,2026-04-05,SKU-010,WH-003,DELIVERY,34,260.21
EVT-0006-SKU-011,2026-04-05,SKU-011,WH-001,DELIVERY,48,92.48
REC-0006-SKU-011,2026-04-05,SKU-011,WH-001,RECEIPT,182,266.2
EVT-0006-SKU-012,2026-04-05,SKU-012,WH-003,DELIVERY,38,64.66
EVT-0006-SKU-013,2026-04-05,SKU-013,WH-003,DELIVERY,44,296.71
EVT-0006-SKU-014,2026-04-05,SKU-014,WH-003,DELIVERY,38,324.47
EVT-0006-SKU-015,2026-04-05,SKU-015,WH-002,DELIVERY,48,237.26
EVT-0006-SKU-016,2026-04-05,SKU-016,WH-003,DELIVERY,34,85.65
EVT-0006-SKU-017,2026-04-05,SKU-017,WH-003,DELIVERY,44,119.95
REC-0006-SKU-017,2026-04-05,SKU-017,WH-003,RECEIPT,120,41.23
EVT-0006-SKU-018,2026-04-05,SKU-018,WH-002,DELIVERY,57,256.16
EVT-0006-SKU-019,2026-04-05,SKU-019,WH-001,DELIVERY,37,72.74
EVT-0006-SKU-020,2026-04-05,SKU-020,WH-002,DELIVERY,49,327.53
EVT-0007-SKU-001,2026-04-06,SKU-001,WH-002,DELIVERY,46,162.19
REC-0007-SKU-001,2026-04-06,SKU-001,WH-002,RECEIPT,98,67.43
EVT-0007-SKU-002,2026-04-06,SKU-002,WH-002,DELIVERY,45,419.15
EVT-0007-SKU-003,2026-04-06,SKU-003,WH-002,DELIVERY,53,473.63
EVT-0007-SKU-004,2026-04-06,SKU-004,WH-002,DELIVERY,52,58.34
EVT-0007-SKU-005,2026-04-06,SKU-005,WH-003,DELIVERY,36,482.48
EVT-0007-SKU-006,2026-04-06,SKU-006,WH-003,DELIVERY,48,305.07
REC-0007-SKU-006,2026-04-06,SKU-006,WH-003,RECEIPT,200,278.72
EVT-0007-SKU-007,2026-04-06,SKU-007,WH-002,DELIVERY,46,332.0
EVT-0007-SKU-008,2026-04-06,SKU-008,WH-001,DELIVERY,36,227.84
EVT-0007-SKU-009,2026-04-06,SKU-009,WH-003,DELIVERY,45,267.92
EVT-0007-SKU-010,2026-04-06,SKU-010,WH-003,DELIVERY,44,80.51
EVT-0007-SKU-011,2026-04-06,SKU-011,WH-002,DELIVERY,55,419.47
EVT-0007-SKU-012,2026-04-06,SKU-012,WH-003,DELIVERY,53,252.51
EVT-0007-SKU-013,2026-04-06,SKU-013,WH-001,DELIVERY,23,243.34
EVT-0007-SKU-014,2026-04-06,SKU-014,WH-001,DELIVERY,38,100.27
EVT-0007-SKU-015,2026-04-06,SKU-015,WH-002,DELIVERY,50,329.81
EVT-0007-SKU-016,2026-04-06,SKU-016,WH-003,DELIVERY,30,293.39
EVT-0007-SKU-017,2026-04-06,SKU-017,WH-001,DELIVERY,43,475.65
REC-0007-SKU-017,2026-04-06,SKU-017,WH-001,RECEIPT,207,469.02
EVT-0007-SKU-018,2026-04-06,SKU-018,WH-002,DELIVERY,62,165.78
EVT-0007-SKU-019,2026-04-06,SKU-019,WH-002,DELIVERY,40,464.06
REC-0007-SKU-019,2026-04-06,SKU-019,WH-002,RECEIPT,97,167.07
EVT-0007-SKU-020,2026-04-06,SKU-020,WH-002,DELIVERY,55,402.35
EVT-0008-SKU-001,2026-04-07,SKU-001,WH-001,DELIVERY,37,499.5
EVT-0008-SKU-002,2026-04-07,SKU-002,WH-001,DELIVERY,49,262.8
EVT-0008-SKU-003,2026-04-07,SKU-003,WH-003,DELIVERY,40,440.02
REC-0008-SKU-003,2026-04-07,SKU-003,WH-003,RECEIPT,226,216.17
EVT-0008-SKU-004,2026-04-07,SKU-004,WH-002,DELIVERY,28,382.56
EVT-0008-SKU-005,2026-04-07,SKU-005,WH-002,DELIVERY,61,109.97
EVT-0008-SKU-006,2026-04-07,SKU-006,WH-001,DELIVERY,38,311.48
EVT-0008-SKU-007,2026-04-07,SKU-007,WH-002,DELIVERY,244,228.59
EVT-0008-SKU-008,2026-04-07,SKU-008,WH-001,DELIVERY,55,485.83
EVT-0008-SKU-009,2026-04-07,SKU-009,WH-003,DELIVERY,33,432.08
EVT-0008-SKU-010,2026-04-07,SKU-010,WH-002,DELIVERY,23,448.22
EVT-0008-SKU-011,2026-04-07,SKU-011,WH-003,DELIVERY,44,463.63
REC-0008-SKU-011,2026-04-07,SKU-011,WH-003,RECEIPT,103,239.63
EVT-0008-SKU-012,2026-04-07,SKU-012,WH-001,DELIVERY,41,363.79
EVT-0008-SKU-013,2026-04-07,SKU-013,WH-002,DELIVERY,45,189.21
EVT-0008-SKU-014,2026-04-07,SKU-014,WH-002,DELIVERY,48,238.12
REC-0008-SKU-014,2026-04-07,SKU-014,WH-002,RECEIPT,215,229.54
EVT-0008-SKU-015,2026-04-07,SKU-015,WH-003,DELIVERY,41,440.59
REC-0008-SKU-015,2026-04-07,SKU-015,WH-003,RECEIPT,207,459.9
EVT-0008-SKU-016,2026-04-07,SKU-016,WH-001,DELIVERY,32,333.44
EVT-0008-SKU-017,2026-04-07,SKU-017,WH-002,DELIVERY,27,172.31
EVT-0008-SKU-018,2026-04-07,SKU-018,WH-001,DELIVERY,17,198.96
EVT-0008-SKU-019,2026-04-07,SKU-019,WH-003,DELIVERY,57,178.98
EVT-0008-SKU-020,2026-04-07,SKU-020,WH-002,DELIVERY,35,215.43
EVT-0009-SKU-001,2026-04-08,SKU-001,WH-003,DELIVERY,34,421.82
EVT-0009-SKU-002,2026-04-08,SKU-002,WH-002,DELIVERY,171,458.88
EVT-0009-SKU-003,2026-04-08,SKU-003,WH-002,DELIVERY,41,140.74
EVT-0009-SKU-004,2026-04-08,SKU-004,WH-003,DELIVERY,31,387.57
EVT-0009-SKU-005,2026-04-08,SKU-005,WH-003,DELIVERY,53,402.76
EVT-0009-SKU-006,2026-04-08,SKU-006,WH-003,DELIVERY,49,100.45
REC-0009-SKU-006,2026-04-08,SKU-006,WH-003,RECEIPT,163,383.84
EVT-0009-SKU-007,2026-04-08,SKU-007,WH-001,DELIVERY,46,208.29
REC-0009-SKU-007,2026-04-08,SKU-007,WH-001,RECEIPT,122,158.21
EVT-0009-SKU-008,2026-04-08,SKU-008,WH-002,DELIVERY,60,175.77
EVT-0009-SKU-009,2026-04-08,SKU-009,WH-001,DELIVERY,35,143.78
EVT-0009-SKU-010,2026-04-08,SKU-010,WH-003,DELIVERY,40,403.71
EVT-0009-SKU-011,2026-04-08,SKU-011,WH-002,DELIVERY,27,349.28
EVT-0009-SKU-012,2026-04-08,SKU-012,WH-003,DELIVERY,36,89.84
EVT-0009-SKU-013,2026-04-08,SKU-013,WH-002,DELIVERY,64,461.02
EVT-0009-SKU-014,2026-04-08,SKU-014,WH-003,DELIVERY,43,418.97
REC-0009-SKU-014,2026-04-08,SKU-014,WH-003,RECEIPT,246,227.82
EVT-0009-SKU-015,2026-04-08,SKU-015,WH-001,DELIVERY,43,93.42
EVT-0009-SKU-016,2026-04-08,SKU-016,WH-003,DELIVERY,40,248.68
EVT-0009-SKU-017,2026-04-08,SKU-017,WH-003,DELIVERY,39,85.55
EVT-0009-SKU-018,2026-04-08,SKU-018,WH-003,DELIVERY,33,477.7
EVT-0009-SKU-019,2026-04-08,SKU-019,WH-003,DELIVERY,31,433.51
EVT-0009-SKU-020,2026-04-08,SKU-020,WH-003,DELIVERY,49,454.78
EVT-0010-SKU-001,2026-04-09,SKU-001,WH-001,DELIVERY,33,430.1
EVT-0010-SKU-002,2026-04-09,SKU-002,WH-001,DELIVERY,44,335.18
REC-0010-SKU-002,2026-04-09,SKU-002,WH-001,RECEIPT,92,401.93
EVT-0010-SKU-003,2026-04-09,SKU-003,WH-001,DELIVERY,61,421.72
EVT-0010-SKU-004,2026-04-09,SKU-004,WH-003,DELIVERY,38,440.06
REC-0010-SKU-004,2026-04-09,SKU-004,WH-003,RECEIPT,117,402.78
EVT-0010-SKU-005,2026-04-09,SKU-005,WH-003,DELIVERY,63,99.8
EVT-0010-SKU-006,2026-04-09,SKU-006,WH-001,DELIVERY,40,438.57
EVT-0010-SKU-007,2026-04-09,SKU-007,WH-001,DELIVERY,26,47.26
EVT-0010-SKU-008,2026-04-09,SKU-008,WH-001,DELIVERY,56,233.64
EVT-0010-SKU-009,2026-04-09,SKU-009,WH-003,DELIVERY,52,313.09
EVT-0010-SKU-010,2026-04-09,SKU-010,WH-003,DELIVERY,45,322.95
EVT-0010-SKU-011,2026-04-09,SKU-011,WH-002,DELIVERY,38,429.76
EVT-0010-SKU-012,2026-04-09,SKU-012,WH-003,DELIVERY,37,367.7
EVT-0010-SKU-013,2026-04-09,SKU-013,WH-001,DELIVERY,48,98.05
REC-0010-SKU-013,2026-04-09,SKU-013,WH-001,RECEIPT,177,497.53
EVT-0010-SKU-014,2026-04-09,SKU-014,WH-003,DELIVERY,33,272.55
EVT-0010-SKU-015,2026-04-09,SKU-015,WH-001,DELIVERY,41,443.74
EVT-0010-SKU-016,2026-04-09,SKU-016,WH-002,DELIVERY,34,145.11
REC-0010-SKU-016,2026-04-09,SKU-016,WH-002,RECEIPT,196,223.42
EVT-0010-SKU-017,2026-04-09,SKU-017,WH-003,DELIVERY,50,212.18
EVT-0010-SKU-018,2026-04-09,SKU-018,WH-003,DELIVERY,47,70.88
EVT-0010-SKU-019,2026-04-09,SKU-019,WH-001,DELIVERY,21,99.85
REC-0010-SKU-019,2026-04-09,SKU-019,WH-001,RECEIPT,230,480.05
EVT-0010-SKU-020,2026-04-09,SKU-020,WH-003,DELIVERY,48,96.23
REC-0010-SKU-020,2026-04-09,SKU-020,WH-003,RECEIPT,250,472.92
EVT-0011-SKU-001,2026-04-10,SKU-001,WH-002,DELIVERY,52,316.19
EVT-0011-SKU-002,2026-04-10,SKU-002,WH-001,DELIVERY,25,137.86
EVT-0011-SKU-003,2026-04-10,SKU-003,WH-001,DELIVERY,46,92.85
EVT-0011-SKU-004,2026-04-10,SKU-004,WH-003,DELIVERY,30,237.39
EVT-0011-SKU-005,2026-04-10,SKU-005,WH-003,DELIVERY,60,122.99
EVT-0011-SKU-006,2026-04-10,SKU-006,WH-002,DELIVERY,30,123.45
EVT-0011-SKU-007,2026-04-10,SKU-007,WH-003,DELIVERY,37,487.03
EVT-0011-SKU-008,2026-04-10,SKU-008,WH-003,DELIVERY,36,213.05
EVT-0011-SKU-009,2026-04-10,SKU-009,WH-002,DELIVERY,45,473.05
EVT-0011-SKU-010,2026-04-10,SKU-010,WH-001,DELIVERY,48,387.04
EVT-0011-SKU-011,2026-04-10,SKU-011,WH-003,DELIVERY,51,319.25
REC-0011-SKU-011,2026-04-10,SKU-011,WH-003,RECEIPT,149,139.16
EVT-0011-SKU-012,2026-04-10,SKU-012,WH-003,DELIVERY,46,237.76
EVT-0011-SKU-013,2026-04-10,SKU-013,WH-003,DELIVERY,33,60.89
REC-0011-SKU-013,2026-04-10,SKU-013,WH-003,RECEIPT,233,65.2
EVT-0011-SKU-014,2026-04-10,SKU-014,WH-001,DELIVERY,27,137.17
EVT-0011-SKU-015,2026-04-10,SKU-015,WH-002,DELIVERY,38,238.1
EVT-0011-SKU-016,2026-04-10,SKU-016,WH-002,DELIVERY,45,145.85
EVT-0011-SKU-017,2026-04-10,SKU-017,WH-001,DELIVERY,24,251.49
EVT-0011-SKU-018,2026-04-10,SKU-018,WH-002,DELIVERY,51,303.76
REC-0011-SKU-018,2026-04-10,SKU-018,WH-002,RECEIPT,154,92.98
EVT-0011-SKU-019,2026-04-10,SKU-019,WH-001,DELIVERY,47,251.64
EVT-0011-SKU-020,2026-04-10,SKU-020,WH-001,DELIVERY,38,88.7
REC-0011-SKU-020,2026-04-10,SKU-020,WH-001,RECEIPT,230,224.21
EVT-0012-SKU-001,2026-04-11,SKU-001,WH-001,DELIVERY,31,193.21
EVT-0012-SKU-002,2026-04-11,SKU-002,WH-001,DELIVERY,46,92.45
EVT-0012-SKU-003,2026-04-11,SKU-003,WH-002,DELIVERY,22,107.94
REC-0012-SKU-003,2026-04-11,SKU-003,WH-002,RECEIPT,117,157.75
EVT-0012-SKU-004,2026-04-11,SKU-004,WH-001,DELIVERY,64,389.7
REC-0012-SKU-004,2026-04-11,SKU-004,WH-001,RECEIPT,125,477.59
EVT-0012-SKU-005,2026-04-11,SKU-005,WH-003,DELIVERY,19,246.5
EVT-0012-SKU-006,2026-04-11,SKU-006,WH-003,DELIVERY,40,242.29
REC-0012-SKU-006,2026-04-11,SKU-006,WH-003,RECEIPT,193,330.44
EVT-0012-SKU-007,2026-04-11,SKU-007,WH-002,DELIVERY,30,252.4
EVT-0012-SKU-008,2026-04-11,SKU-008,WH-001,DELIVERY,33,172.06
REC-0012-SKU-008,2026-04-11,SKU-008,WH-001,RECEIPT,237,313.28
EVT-0012-SKU-009,2026-04-11,SKU-009,WH-002,DELIVERY,25,452.1
REC-0012-SKU-009,2026-04-11,SKU-009,WH-002,RECEIPT,226,339.85
EVT-0012-SKU-010,2026-04-11,SKU-010,WH-002,DELIVERY,43,270.63
EVT-0012-SKU-011,2026-04-11,SKU-011,WH-002,DELIVERY,60,368.59
EVT-0012-SKU-012,2026-04-11,SKU-012,WH-001,DELIVERY,55,241.37
REC-0012-SKU-012,2026-04-11,SKU-012,WH-001,RECEIPT,214,280.46
EVT-0012-SKU-013,2026-04-11,SKU-013,WH-001,DELIVERY,22,396.25
EVT-0012-SKU-014,2026-04-11,SKU-014,WH-003,DELIVERY,60,70.32
REC-0012-SKU-014,2026-04-11,SKU-014,WH-003,RECEIPT,222,352.05
EVT-0012-SKU-015,2026-04-11,SKU-015,WH-002,DELIVERY,39,317.24
EVT-0012-SKU-016,2026-04-11,SKU-016,WH-002,DELIVERY,63,345.26
EVT-0012-SKU-017,2026-04-11,SKU-017,WH-002,DELIVERY,58,313.72
REC-0012-SKU-017,2026-04-11,SKU-017,WH-002,RECEIPT,159,297.1
EVT-0012-SKU-018,2026-04-11,SKU-018,WH-003,DELIVERY,36,414.07
REC-0012-SKU-018,2026-04-11,SKU-018,WH-003,RECEIPT,245,348.41
EVT-0012-SKU-019,2026-04-11,SKU-019,WH-003,DELIVERY,32,138.53
REC-0012-SKU-019,2026-04-11,SKU-019,WH-003,RECEIPT,129,144.21
EVT-0012-SKU-020,2026-04-11,SKU-020,WH-001,DELIVERY,48,176.06
REC-0012-SKU-020,2026-04-11,SKU-020,WH-001,RECEIPT,209,394.6
EVT-0013-SKU-001,2026-04-12,SKU-001,WH-003,DELIVERY,42,392.5
EVT-0013-SKU-002,2026-04-12,SKU-002,WH-003,DELIVERY,37,114.63
EVT-0013-SKU-003,2026-04-12,SKU-003,WH-003,DELIVERY,28,149.26
EVT-0013-SKU-004,2026-04-12,SKU-004,WH-003,DELIVERY,44,384.33
EVT-0013-SKU-005,2026-04-12,SKU-005,WH-001,DELIVERY,29,255.75
EVT-0013-SKU-006,2026-04-12,SKU-006,WH-002,DELIVERY,37,302.39
EVT-0013-SKU-007,2026-04-12,SKU-007,WH-002,DELIVERY,42,232.58
EVT-0013-SKU-008,2026-04-12,SKU-008,WH-001,DELIVERY,19,103.66
EVT-0013-SKU-009,2026-04-12,SKU-009,WH-001,DELIVERY,24,87.19
EVT-0013-SKU-010,2026-04-12,SKU-010,WH-002,DELIVERY,21,113.74
EVT-0013-SKU-011,2026-04-12,SKU-011,WH-003,DELIVERY,47,142.14
EVT-0013-SKU-012,2026-04-12,SKU-012,WH-002,DELIVERY,50,230.85
EVT-0013-SKU-013,2026-04-12,SKU-013,WH-003,DELIVERY,31,143.29
EVT-0013-SKU-014,2026-04-12,SKU-014,WH-001,DELIVERY,48,338.98
EVT-0013-SKU-015,2026-04-12,SKU-015,WH-001,DELIVERY,66,422.31
EVT-0013-SKU-016,2026-04-12,SKU-016,WH-002,DELIVERY,46,456.69
EVT-0013-SKU-017,2026-04-12,SKU-017,WH-002,DELIVERY,41,320.08
EVT-0013-SKU-018,2026-04-12,SKU-018,WH-001,DELIVERY,46,149.31
EVT-0013-SKU-019,2026-04-12,SKU-019,WH-001,DELIVERY,41,68.89
EVT-0013-SKU-020,2026-04-12,SKU-020,WH-003,DELIVERY,57,330.7
EVT-0014-SKU-001,2026-04-13,SKU-001,WH-003,DELIVERY,47,150.66
EVT-0014-SKU-002,2026-04-13,SKU-002,WH-001,DELIVERY,49,79.38
EVT-0014-SKU-003,2026-04-13,SKU-003,WH-001,DELIVERY,54,273.51
EVT-0014-SKU-004,2026-04-13,SKU-004,WH-002,DELIVERY,35,60.03
EVT-0014-SKU-005,2026-04-13,SKU-005,WH-002,DELIVERY,39,198.61
EVT-0014-SKU-006,2026-04-13,SKU-006,WH-003,DELIVERY,42,192.96
EVT-0014-SKU-007,2026-04-13,SKU-007,WH-002,DELIVERY,18,398.41
EVT-0014-SKU-008,2026-04-13,SKU-008,WH-003,DELIVERY,33,123.85
REC-0014-SKU-008,2026-04-13,SKU-008,WH-003,RECEIPT,96,369.38
EVT-0014-SKU-009,2026-04-13,SKU-009,WH-002,DELIVERY,47,447.46
EVT-0014-SKU-010,2026-04-13,SKU-010,WH-002,DELIVERY,41,495.0
EVT-0014-SKU-011,2026-04-13,SKU-011,WH-002,DELIVERY,56,436.58
EVT-0014-SKU-012,2026-04-13,SKU-012,WH-003,DELIVERY,43,97.26
EVT-0014-SKU-013,2026-04-13,SKU-013,WH-002,DELIVERY,55,217.86
REC-0014-SKU-013,2026-04-13,SKU-013,WH-002,RECEIPT,207,358.35
EVT-0014-SKU-014,2026-04-13,SKU-014,WH-002,DELIVERY,27,278.87
EVT-0014-SKU-015,2026-04-13,SKU-015,WH-003,DELIVERY,28,123.01
EVT-0014-SKU-016,2026-04-13,SKU-016,WH-002,DELIVERY,45,190.84
EVT-0014-SKU-017,2026-04-13,SKU-017,WH-002,DELIVERY,22,244.2
EVT-0014-SKU-018,2026-04-13,SKU-018,WH-001,DELIVERY,46,459.34
EVT-0014-SKU-019,2026-04-13,SKU-019,WH-002,DELIVERY,26,348.74
EVT-0014-SKU-020,2026-04-13,SKU-020,WH-002,DELIVERY,23,384.95
REC-0014-SKU-020,2026-04-13,SKU-020,WH-002,RECEIPT,87,105.68
EVT-0015-SKU-001,2026-04-14,SKU-001,WH-003,DELIVERY,34,148.56
EVT-0015-SKU-002,2026-04-14,SKU-002,WH-002,DELIVERY,28,300.93
EVT-0015-SKU-003,2026-04-14,SKU-003,WH-003,DELIVERY,29,75.37
EVT-0015-SKU-004,2026-04-14,SKU-004,WH-003,DELIVERY,43,184.62
EVT-0015-SKU-005,2026-04-14,SKU-005,WH-001,DELIVERY,42,278.16
EVT-0015-SKU-006,2026-04-14,SKU-006,WH-002,DELIVERY,39,363.86
EVT-0015-SKU-007,2026-04-14,SKU-007,WH-003,DELIVERY,34,96.41
EVT-0015-SKU-008,2026-04-14,SKU-008,WH-002,DELIVERY,66,368.15
EVT-0015-SKU-009,2026-04-14,SKU-009,WH-003,DELIVERY,74,366.39
EVT-0015-SKU-010,2026-04-14,SKU-010,WH-002,DELIVERY,32,367.43
EVT-0015-SKU-011,2026-04-14,SKU-011,WH-002,DELIVERY,33,103.88
EVT-0015-SKU-012,2026-04-14,SKU-012,WH-001,DELIVERY,39,303.25
EVT-0015-SKU-013,2026-04-14,SKU-013,WH-003,DELIVERY,57,223.15
EVT-0015-SKU-014,2026-04-14,SKU-014,WH-003,DELIVERY,58,228.34
EVT-0015-SKU-015,2026-04-14,SKU-015,WH-001,DELIVERY,56,352.85
EVT-0015-SKU-016,2026-04-14,SKU-016,WH-001,DELIVERY,37,398.92
EVT-0015-SKU-017,2026-04-14,SKU-017,WH-001,DELIVERY,15,97.11
EVT-0015-SKU-018,2026-04-14,SKU-018,WH-002,DELIVERY,50,188.42
EVT-0015-SKU-019,2026-04-14,SKU-019,WH-002,DELIVERY,53,76.28
EVT-0015-SKU-020,2026-04-14,SKU-020,WH-003,DELIVERY,35,166.25
EVT-0016-SKU-001,2026-04-15,SKU-001,WH-003,DELIVERY,26,473.14
EVT-0016-SKU-002,2026-04-15,SKU-002,WH-001,DELIVERY,37,371.49
EVT-0016-SKU-003,2026-04-15,SKU-003,WH-003,DELIVERY,63,476.33
EVT-0016-SKU-004,2026-04-15,SKU-004,WH-003,DELIVERY,46,303.18
EVT-0016-SKU-005,2026-04-15,SKU-005,WH-002,DELIVERY,51,178.96
REC-0016-SKU-005,2026-04-15,SKU-005,WH-002,RECEIPT,183,176.82
EVT-0016-SKU-006,2026-04-15,SKU-006,WH-001,DELIVERY,30,112.72
EVT-0016-SKU-007,2026-04-15,SKU-007,WH-002,DELIVERY,29,436.28
EVT-0016-SKU-008,2026-04-15,SKU-008,WH-003,DELIVERY,42,198.87
EVT-0016-SKU-009,2026-04-15,SKU-009,WH-001,DELIVERY,40,151.2
EVT-0016-SKU-010,2026-04-15,SKU-010,WH-002,DELIVERY,25,104.8
EVT-0016-SKU-011,2026-04-15,SKU-011,WH-002,DELIVERY,62,482.84
EVT-0016-SKU-012,2026-04-15,SKU-012,WH-002,DELIVERY,31,371.72
REC-0016-SKU-012,2026-04-15,SKU-012,WH-002,RECEIPT,120,269.2
EVT-0016-SKU-013,2026-04-15,SKU-013,WH-003,DELIVERY,15,81.42
EVT-0016-SKU-014,2026-04-15,SKU-014,WH-003,DELIVERY,45,150.74
EVT-0016-SKU-015,2026-04-15,SKU-015,WH-001,DELIVERY,53,340.96
EVT-0016-SKU-016,2026-04-15,SKU-016,WH-002,DELIVERY,44,429.7
EVT-0016-SKU-017,2026-04-15,SKU-017,WH-001,DELIVERY,54,208.33
EVT-0016-SKU-018,2026-04-15,SKU-018,WH-001,DELIVERY,26,129.54
EVT-0016-SKU-019,2026-04-15,SKU-019,WH-001,DELIVERY,30,419.64
EVT-0016-SKU-020,2026-04-15,SKU-020,WH-001,DELIVERY,48,221.2
EVT-0017-SKU-001,2026-04-16,SKU-001,WH-003,DELIVERY,58,274.2
EVT-0017-SKU-002,2026-04-16,SKU-002,WH-001,DELIVERY,32,368.25
EVT-0017-SKU-003,2026-04-16,SKU-003,WH-003,DELIVERY,24,190.86
EVT-0017-SKU-004,2026-04-16,SKU-004,WH-001,DELIVERY,44,323.59
EVT-0017-SKU-005,2026-04-16,SKU-005,WH-003,DELIVERY,28,366.02
EVT-0017-SKU-006,2026-04-16,SKU-006,WH-002,DELIVERY,59,209.44
EVT-0017-SKU-007,2026-04-16,SKU-007,WH-002,DELIVERY,21,356.5
EVT-0017-SKU-008,2026-04-16,SKU-008,WH-003,DELIVERY,29,484.85
EVT-0017-SKU-009,2026-04-16,SKU-009,WH-003,DELIVERY,53,371.74
EVT-0017-SKU-010,2026-04-16,SKU-010,WH-001,DELIVERY,44,151.41
EVT-0017-SKU-011,2026-04-16,SKU-011,WH-001,DELIVERY,50,357.63
EVT-0017-SKU-012,2026-04-16,SKU-012,WH-003,DELIVERY,41,463.44
EVT-0017-SKU-013,2026-04-16,SKU-013,WH-003,DELIVERY,45,344.62
EVT-0017-SKU-014,2026-04-16,SKU-014,WH-002,DELIVERY,46,251.45
EVT-0017-SKU-015,2026-04-16,SKU-015,WH-003,DELIVERY,27,335.92
EVT-0017-SKU-016,2026-04-16,SKU-016,WH-003,DELIVERY,56,480.38
EVT-0017-SKU-017,2026-04-16,SKU-017,WH-003,DELIVERY,31,394.74
EVT-0017-SKU-018,2026-04-16,SKU-018,WH-003,DELIVERY,67,185.84
EVT-0017-SKU-019,2026-04-16,SKU-019,WH-003,DELIVERY,59,96.06
EVT-0017-SKU-020,2026-04-16,SKU-020,WH-002,DELIVERY,31,479.12
EVT-0018-SKU-001,2026-04-17,SKU-001,WH-002,DELIVERY,68,465.04
REC-0018-SKU-001,2026-04-17,SKU-001,WH-002,RECEIPT,202,138.43
EVT-0018-SKU-002,2026-04-17,SKU-002,WH-003,DELIVERY,47,298.53
REC-0018-SKU-002,2026-04-17,SKU-002,WH-003,RECEIPT,115,90.24
EVT-0018-SKU-003,2026-04-17,SKU-003,WH-003,DELIVERY,32,284.28
EVT-0018-SKU-004,2026-04-17,SKU-004,WH-001,DELIVERY,35,191.94
EVT-0018-SKU-005,2026-04-17,SKU-005,WH-001,DELIVERY,37,489.84
EVT-0018-SKU-006,2026-04-17,SKU-006,WH-002,DELIVERY,34,445.1
EVT-0018-SKU-007,2026-04-17,SKU-007,WH-002,DELIVERY,28,171.29
EVT-0018-SKU-008,2026-04-17,SKU-008,WH-001,DELIVERY,23,146.82
EVT-0018-SKU-009,2026-04-17,SKU-009,WH-001,DELIVERY,20,56.72
EVT-0018-SKU-010,2026-04-17,SKU-010,WH-002,DELIVERY,51,384.54
REC-0018-SKU-010,2026-04-17,SKU-010,WH-002,RECEIPT,89,44.26
EVT-0018-SKU-011,2026-04-17,SKU-011,WH-003,DELIVERY,17,249.0
EVT-0018-SKU-012,2026-04-17,SKU-012,WH-001,DELIVERY,23,255.29
EVT-0018-SKU-013,2026-04-17,SKU-013,WH-001,DELIVERY,30,370.56
EVT-0018-SKU-014,2026-04-17,SKU-014,WH-003,DELIVERY,57,175.71
EVT-0018-SKU-015,2026-04-17,SKU-015,WH-001,DELIVERY,26,236.74
EVT-0018-SKU-016,2026-04-17,SKU-016,WH-001,DELIVERY,29,83.88
EVT-0018-SKU-017,2026-04-17,SKU-017,WH-002,DELIVERY,35,148.34
REC-0018-SKU-017,2026-04-17,SKU-017,WH-002,RECEIPT,164,178.9
EVT-0018-SKU-018,2026-04-17,SKU-018,WH-003,DELIVERY,48,160.31
EVT-0018-SKU-019,2026-04-17,SKU-019,WH-003,DELIVERY,41,113.47
REC-0018-SKU-019,2026-04-17,SKU-019,WH-003,RECEIPT,110,333.81
EVT-0018-SKU-020,2026-04-17,SKU-020,WH-002,DELIVERY,57,141.59
EVT-0019-SKU-001,2026-04-18,SKU-001,WH-002,DELIVERY,51,231.29
EVT-0019-SKU-002,2026-04-18,SKU-002,WH-003,DELIVERY,56,419.78
EVT-0019-SKU-003,2026-04-18,SKU-003,WH-003,DELIVERY,40,245.5
EVT-0019-SKU-004,2026-04-18,SKU-004,WH-001,DELIVERY,15,91.62
EVT-0019-SKU-005,2026-04-18,SKU-005,WH-003,DELIVERY,32,243.25
EVT-0019-SKU-006,2026-04-18,SKU-006,WH-003,DELIVERY,38,81.83
EVT-0019-SKU-007,2026-04-18,SKU-007,WH-001,DELIVERY,26,66.56
EVT-0019-SKU-008,2026-04-18,SKU-008,WH-003,DELIVERY,44,372.71
EVT-0019-SKU-009,2026-04-18,SKU-009,WH-002,DELIVERY,48,60.83
EVT-0019-SKU-010,2026-04-18,SKU-010,WH-003,DELIVERY,21,497.3
EVT-0019-SKU-011,2026-04-18,SKU-011,WH-002,DELIVERY,52,392.28
EVT-0019-SKU-012,2026-04-18,SKU-012,WH-002,DELIVERY,42,215.94
EVT-0019-SKU-013,2026-04-18,SKU-013,WH-002,DELIVERY,67,101.18
EVT-0019-SKU-014,2026-04-18,SKU-014,WH-001,DELIVERY,54,287.14
EVT-0019-SKU-015,2026-04-18,SKU-015,WH-003,DELIVERY,62,490.11
EVT-0019-SKU-016,2026-04-18,SKU-016,WH-003,DELIVERY,36,235.1
EVT-0019-SKU-017,2026-04-18,SKU-017,WH-001,DELIVERY,40,471.21
EVT-0019-SKU-018,2026-04-18,SKU-018,WH-001,DELIVERY,51,232.85
EVT-0019-SKU-019,2026-04-18,SKU-019,WH-001,DELIVERY,41,314.98
EVT-0019-SKU-020,2026-04-18,SKU-020,WH-001,DELIVERY,45,225.04
EVT-0020-SKU-001,2026-04-19,SKU-001,WH-003,DELIVERY,44,271.79
EVT-0020-SKU-002,2026-04-19,SKU-002,WH-001,DELIVERY,63,376.5
REC-0020-SKU-002,2026-04-19,SKU-002,WH-001,RECEIPT,227,315.04
EVT-0020-SKU-003,2026-04-19,SKU-003,WH-003,DELIVERY,43,493.42
EVT-0020-SKU-004,2026-04-19,SKU-004,WH-002,DELIVERY,31,68.04
EVT-0020-SKU-005,2026-04-19,SKU-005,WH-003,DELIVERY,33,198.43
EVT-0020-SKU-006,2026-04-19,SKU-006,WH-003,DELIVERY,26,231.51
EVT-0020-SKU-007,2026-04-19,SKU-007,WH-002,DELIVERY,25,430.7
EVT-0020-SKU-008,2026-04-19,SKU-008,WH-003,DELIVERY,54,252.99
REC-0020-SKU-008,2026-04-19,SKU-008,WH-003,RECEIPT,223,229.83
EVT-0020-SKU-009,2026-04-19,SKU-009,WH-002,DELIVERY,33,133.53
EVT-0020-SKU-010,2026-04-19,SKU-010,WH-002,DELIVERY,37,82.53
EVT-0020-SKU-011,2026-04-19,SKU-011,WH-001,DELIVERY,37,441.87
EVT-0020-SKU-012,2026-04-19,SKU-012,WH-003,DELIVERY,57,297.07
EVT-0020-SKU-013,2026-04-19,SKU-013,WH-001,DELIVERY,47,47.05
EVT-0020-SKU-014,2026-04-19,SKU-014,WH-003,DELIVERY,32,499.8
EVT-0020-SKU-015,2026-04-19,SKU-015,WH-001,DELIVERY,33,150.09
REC-0020-SKU-015,2026-04-19,SKU-015,WH-001,RECEIPT,152,215.1
EVT-0020-SKU-016,2026-04-19,SKU-016,WH-003,DELIVERY,22,181.87
REC-0020-SKU-016,2026-04-19,SKU-016,WH-003,RECEIPT,211,446.09
EVT-0020-SKU-017,2026-04-19,SKU-017,WH-002,DELIVERY,67,426.28
EVT-0020-SKU-018,2026-04-19,SKU-018,WH-002,DELIVERY,59,61.03
EVT-0020-SKU-019,2026-04-19,SKU-019,WH-003,DELIVERY,45,306.41
EVT-0020-SKU-020,2026-04-19,SKU-020,WH-002,DELIVERY,47,191.74
EVT-0021-SKU-001,2026-04-20,SKU-001,WH-003,DELIVERY,47,355.03
EVT-0021-SKU-002,2026-04-20,SKU-002,WH-002,DELIVERY,27,335.18
EVT-0021-SKU-003,2026-04-20,SKU-003,WH-002,DELIVERY,50,371.34
EVT-0021-SKU-004,2026-04-20,SKU-004,WH-001,DELIVERY,58,289.38
EVT-0021-SKU-005,2026-04-20,SKU-005,WH-003,DELIVERY,62,347.38
EVT-0021-SKU-006,2026-04-20,SKU-006,WH-002,DELIVERY,44,330.12
EVT-0021-SKU-007,2026-04-20,SKU-007,WH-003,DELIVERY,44,67.81
EVT-0021-SKU-008,2026-04-20,SKU-008,WH-003,DELIVERY,46,43.04
EVT-0021-SKU-009,2026-04-20,SKU-009,WH-001,DELIVERY,59,171.88
EVT-0021-SKU-010,2026-04-20,SKU-010,WH-001,DELIVERY,42,84.3
REC-0021-SKU-010,2026-04-20,SKU-010,WH-001,RECEIPT,141,128.29
EVT-0021-SKU-011,2026-04-20,SKU-011,WH-003,DELIVERY,39,76.35
EVT-0021-SKU-012,2026-04-20,SKU-012,WH-002,DELIVERY,51,495.51
EVT-0021-SKU-013,2026-04-20,SKU-013,WH-002,DELIVERY,30,434.78
EVT-0021-SKU-014,2026-04-20,SKU-014,WH-001,DELIVERY,18,213.5
EVT-0021-SKU-015,2026-04-20,SKU-015,WH-001,DELIVERY,27,428.85
EVT-0021-SKU-016,2026-04-20,SKU-016,WH-003,DELIVERY,25,487.97
EVT-0021-SKU-017,2026-04-20,SKU-017,WH-001,DELIVERY,45,258.73
EVT-0021-SKU-018,2026-04-20,SKU-018,WH-001,DELIVERY,63,168.97
EVT-0021-SKU-019,2026-04-20,SKU-019,WH-001,DELIVERY,49,310.04
EVT-0021-SKU-020,2026-04-20,SKU-020,WH-001,DELIVERY,35,299.42
EVT-0022-SKU-001,2026-04-21,SKU-001,WH-003,DELIVERY,48,104.38
EVT-0022-SKU-002,2026-04-21,SKU-002,WH-003,DELIVERY,33,199.1
EVT-0022-SKU-003,2026-04-21,SKU-003,WH-002,DELIVERY,40,322.38
REC-0022-SKU-003,2026-04-21,SKU-003,WH-002,RECEIPT,163,53.63
EVT-0022-SKU-004,2026-04-21,SKU-004,WH-002,DELIVERY,44,247.25
EVT-0022-SKU-005,2026-04-21,SKU-005,WH-002,DELIVERY,28,309.5
REC-0022-SKU-005,2026-04-21,SKU-005,WH-002,RECEIPT,101,395.2
EVT-0022-SKU-006,2026-04-21,SKU-006,WH-002,DELIVERY,36,368.03
EVT-0022-SKU-007,2026-04-21,SKU-007,WH-002,DELIVERY,50,380.24
EVT-0022-SKU-008,2026-04-21,SKU-008,WH-002,DELIVERY,55,42.39
EVT-0022-SKU-009,2026-04-21,SKU-009,WH-002,DELIVERY,33,126.2
EVT-0022-SKU-010,2026-04-21,SKU-010,WH-003,DELIVERY,47,227.7
EVT-0022-SKU-011,2026-04-21,SKU-011,WH-001,DELIVERY,36,189.24
REC-0022-SKU-011,2026-04-21,SKU-011,WH-001,RECEIPT,83,174.25
EVT-0022-SKU-012,2026-04-21,SKU-012,WH-002,DELIVERY,44,373.43
EVT-0022-SKU-013,2026-04-21,SKU-013,WH-003,DELIVERY,21,163.7
EVT-0022-SKU-014,2026-04-21,SKU-014,WH-002,DELIVERY,37,116.92
EVT-0022-SKU-015,2026-04-21,SKU-015,WH-002,DELIVERY,33,474.34
EVT-0022-SKU-016,2026-04-21,SKU-016,WH-003,DELIVERY,59,250.62
EVT-0022-SKU-017,2026-04-21,SKU-017,WH-002,DELIVERY,52,214.75
EVT-0022-SKU-018,2026-04-21,SKU-018,WH-002,DELIVERY,40,415.12
EVT-0022-SKU-019,2026-04-21,SKU-019,WH-002,DELIVERY,27,184.52
REC-0022-SKU-019,2026-04-21,SKU-019,WH-002,RECEIPT,161,174.07
EVT-0022-SKU-020,2026-04-21,SKU-020,WH-003,DELIVERY,66,485.17
EVT-0023-SKU-001,2026-04-22,SKU-001,WH-002,DELIVERY,24,92.39
EVT-0023-SKU-002,2026-04-22,SKU-002,WH-003,DELIVERY,55,122.77
EVT-0023-SKU-003,2026-04-22,SKU-003,WH-003,DELIVERY,21,174.01
EVT-0023-SKU-004,2026-04-22,SKU-004,WH-002,DELIVERY,44,104.02
EVT-0023-SKU-005,2026-04-22,SKU-005,WH-001,DELIVERY,39,213.42
EVT-0023-SKU-006,2026-04-22,SKU-006,WH-003,DELIVERY,46,224.37
EVT-0023-SKU-007,2026-04-22,SKU-007,WH-003,DELIVERY,70,413.66
EVT-0023-SKU-008,2026-04-22,SKU-008,WH-001,DELIVERY,47,342.5
EVT-0023-SKU-009,2026-04-22,SKU-009,WH-001,DELIVERY,37,351.64
EVT-0023-SKU-010,2026-04-22,SKU-010,WH-002,DELIVERY,37,238.01
EVT-0023-SKU-011,2026-04-22,SKU-011,WH-001,DELIVERY,39,307.04
EVT-0023-SKU-012,2026-04-22,SKU-012,WH-002,DELIVERY,54,253.01
EVT-0023-SKU-013,2026-04-22,SKU-013,WH-002,DELIVERY,53,463.45
EVT-0023-SKU-014,2026-04-22,SKU-014,WH-001,DELIVERY,39,375.87
EVT-0023-SKU-015,2026-04-22,SKU-015,WH-002,DELIVERY,28,200.22
EVT-0023-SKU-016,2026-04-22,SKU-016,WH-002,DELIVERY,57,248.13
EVT-0023-SKU-017,2026-04-22,SKU-017,WH-002,DELIVERY,58,197.82
EVT-0023-SKU-018,2026-04-22,SKU-018,WH-003,DELIVERY,45,467.76
EVT-0023-SKU-019,2026-04-22,SKU-019,WH-003,DELIVERY,43,480.89
EVT-0023-SKU-020,2026-04-22,SKU-020,WH-002,DELIVERY,46,125.74
EVT-0024-SKU-001,2026-04-23,SKU-001,WH-002,DELIVERY,56,312.41
EVT-0024-SKU-002,2026-04-23,SKU-002,WH-001,DELIVERY,43,134.66
REC-0024-SKU-002,2026-04-23,SKU-002,WH-001,RECEIPT,227,86.81
EVT-0024-SKU-003,2026-04-23,SKU-003,WH-003,DELIVERY,44,160.68
REC-0024-SKU-003,2026-04-23,SKU-003,WH-003,RECEIPT,215,484.32
EVT-0024-SKU-004,2026-04-23,SKU-004,WH-002,DELIVERY,49,321.2
REC-0024-SKU-004,2026-04-23,SKU-004,WH-002,RECEIPT,169,201.91
EVT-0024-SKU-005,2026-04-23,SKU-005,WH-002,DELIVERY,23,176.82
REC-0024-SKU-005,2026-04-23,SKU-005,WH-002,RECEIPT,114,184.07
EVT-0024-SKU-006,2026-04-23,SKU-006,WH-001,DELIVERY,25,124.2
EVT-0024-SKU-007,2026-04-23,SKU-007,WH-003,DELIVERY,27,234.6
REC-0024-SKU-007,2026-04-23,SKU-007,WH-003,RECEIPT,242,287.19
EVT-0024-SKU-008,2026-04-23,SKU-008,WH-003,DELIVERY,50,119.69
EVT-0024-SKU-009,2026-04-23,SKU-009,WH-002,DELIVERY,38,324.93
EVT-0024-SKU-010,2026-04-23,SKU-010,WH-001,DELIVERY,47,129.76
EVT-0024-SKU-011,2026-04-23,SKU-011,WH-003,DELIVERY,25,231.19
REC-0024-SKU-011,2026-04-23,SKU-011,WH-003,RECEIPT,205,116.94
EVT-0024-SKU-012,2026-04-23,SKU-012,WH-003,DELIVERY,39,390.09
EVT-0024-SKU-013,2026-04-23,SKU-013,WH-001,DELIVERY,37,250.37
REC-0024-SKU-013,2026-04-23,SKU-013,WH-001,RECEIPT,220,274.97
EVT-0024-SKU-014,2026-04-23,SKU-014,WH-003,DELIVERY,54,396.55
EVT-0024-SKU-015,2026-04-23,SKU-015,WH-003,DELIVERY,41,291.32
EVT-0024-SKU-016,2026-04-23,SKU-016,WH-001,DELIVERY,36,340.69
REC-0024-SKU-016,2026-04-23,SKU-016,WH-001,RECEIPT,156,442.41
EVT-0024-SKU-017,2026-04-23,SKU-017,WH-001,DELIVERY,29,241.97
REC-0024-SKU-017,2026-04-23,SKU-017,WH-001,RECEIPT,140,136.54
EVT-0024-SKU-018,2026-04-23,SKU-018,WH-003,DELIVERY,43,201.29
EVT-0024-SKU-019,2026-04-23,SKU-019,WH-001,DELIVERY,24,410.5
EVT-0024-SKU-020,2026-04-23,SKU-020,WH-003,DELIVERY,25,287.83
EVT-0025-SKU-001,2026-04-24,SKU-001,WH-003,DELIVERY,35,276.63
EVT-0025-SKU-002,2026-04-24,SKU-002,WH-001,DELIVERY,55,401.42
REC-0025-SKU-002,2026-04-24,SKU-002,WH-001,RECEIPT,150,438.84
EVT-0025-SKU-003,2026-04-24,SKU-003,WH-001,DELIVERY,38,188.16
EVT-0025-SKU-004,2026-04-24,SKU-004,WH-003,DELIVERY,33,105.4
EVT-0025-SKU-005,2026-04-24,SKU-005,WH-003,DELIVERY,28,444.86
EVT-0025-SKU-006,2026-04-24,SKU-006,WH-002,DELIVERY,46,167.98
EVT-0025-SKU-007,2026-04-24,SKU-007,WH-002,DELIVERY,150,376.23
EVT-0025-SKU-008,2026-04-24,SKU-008,WH-003,DELIVERY,36,204.78
EVT-0025-SKU-009,2026-04-24,SKU-009,WH-003,DELIVERY,14,267.57
EVT-0025-SKU-010,2026-04-24,SKU-010,WH-002,DELIVERY,58,305.85
EVT-0025-SKU-011,2026-04-24,SKU-011,WH-002,DELIVERY,56,328.04
EVT-0025-SKU-012,2026-04-24,SKU-012,WH-001,DELIVERY,27,434.52
EVT-0025-SKU-013,2026-04-24,SKU-013,WH-002,DELIVERY,70,356.75
EVT-0025-SKU-014,2026-04-24,SKU-014,WH-003,DELIVERY,40,442.23
EVT-0025-SKU-015,2026-04-24,SKU-015,WH-001,DELIVERY,34,455.75
EVT-0025-SKU-016,2026-04-24,SKU-016,WH-001,DELIVERY,32,180.53
EVT-0025-SKU-017,2026-04-24,SKU-017,WH-002,DELIVERY,174,75.85
EVT-0025-SKU-018,2026-04-24,SKU-018,WH-003,DELIVERY,24,44.27
EVT-0025-SKU-019,2026-04-24,SKU-019,WH-001,DELIVERY,52,72.58
EVT-0025-SKU-020,2026-04-24,SKU-020,WH-001,DELIVERY,39,87.12
EVT-0026-SKU-001,2026-04-25,SKU-001,WH-002,DELIVERY,44,386.45
EVT-0026-SKU-002,2026-04-25,SKU-002,WH-003,DELIVERY,35,105.71
EVT-0026-SKU-003,2026-04-25,SKU-003,WH-003,DELIVERY,32,328.92
EVT-0026-SKU-004,2026-04-25,SKU-004,WH-002,DELIVERY,29,243.5
EVT-0026-SKU-005,2026-04-25,SKU-005,WH-001,DELIVERY,45,375.8
EVT-0026-SKU-006,2026-04-25,SKU-006,WH-002,DELIVERY,36,104.32
EVT-0026-SKU-007,2026-04-25,SKU-007,WH-003,DELIVERY,53,319.49
EVT-0026-SKU-008,2026-04-25,SKU-008,WH-003,DELIVERY,47,134.51
EVT-0026-SKU-009,2026-04-25,SKU-009,WH-003,DELIVERY,26,405.14
EVT-0026-SKU-010,2026-04-25,SKU-010,WH-002,DELIVERY,50,150.9
EVT-0026-SKU-011,2026-04-25,SKU-011,WH-003,DELIVERY,41,185.58
EVT-0026-SKU-012,2026-04-25,SKU-012,WH-003,DELIVERY,38,291.32
EVT-0026-SKU-013,2026-04-25,SKU-013,WH-002,DELIVERY,177,46.34
EVT-0026-SKU-014,2026-04-25,SKU-014,WH-001,DELIVERY,34,476.39
EVT-0026-SKU-015,2026-04-25,SKU-015,WH-003,DELIVERY,35,234.84
EVT-0026-SKU-016,2026-04-25,SKU-016,WH-001,DELIVERY,58,287.32
EVT-0026-SKU-017,2026-04-25,SKU-017,WH-002,DELIVERY,44,488.18
EVT-0026-SKU-018,2026-04-25,SKU-018,WH-003,DELIVERY,42,309.76
EVT-0026-SKU-019,2026-04-25,SKU-019,WH-002,DELIVERY,33,66.64
EVT-0026-SKU-020,2026-04-25,SKU-020,WH-002,DELIVERY,21,321.66
EVT-0027-SKU-001,2026-04-26,SKU-001,WH-002,DELIVERY,31,45.83
EVT-0027-SKU-002,2026-04-26,SKU-002,WH-003,DELIVERY,144,478.39
REC-0027-SKU-002,2026-04-26,SKU-002,WH-003,RECEIPT,122,211.06
EVT-0027-SKU-003,2026-04-26,SKU-003,WH-003,DELIVERY,41,394.86
EVT-0027-SKU-004,2026-04-26,SKU-004,WH-002,DELIVERY,30,165.11
EVT-0027-SKU-005,2026-04-26,SKU-005,WH-002,DELIVERY,36,249.39
EVT-0027-SKU-006,2026-04-26,SKU-006,WH-001,DELIVERY,24,300.77
EVT-0027-SKU-007,2026-04-26,SKU-007,WH-001,DELIVERY,39,372.48
EVT-0027-SKU-008,2026-04-26,SKU-008,WH-003,DELIVERY,45,60.26
EVT-0027-SKU-009,2026-04-26,SKU-009,WH-001,DELIVERY,50,122.32
EVT-0027-SKU-010,2026-04-26,SKU-010,WH-003,DELIVERY,43,368.45
EVT-0027-SKU-011,2026-04-26,SKU-011,WH-001,DELIVERY,34,164.78
EVT-0027-SKU-012,2026-04-26,SKU-012,WH-003,DELIVERY,51,270.94
EVT-0027-SKU-013,2026-04-26,SKU-013,WH-001,DELIVERY,42,224.43
EVT-0027-SKU-014,2026-04-26,SKU-014,WH-002,DELIVERY,54,182.92
EVT-0027-SKU-015,2026-04-26,SKU-015,WH-003,DELIVERY,28,400.87
EVT-0027-SKU-016,2026-04-26,SKU-016,WH-002,DELIVERY,43,487.05
EVT-0027-SKU-017,2026-04-26,SKU-017,WH-003,DELIVERY,56,42.93
EVT-0027-SKU-018,2026-04-26,SKU-018,WH-001,DELIVERY,28,199.35
EVT-0027-SKU-019,2026-04-26,SKU-019,WH-002,DELIVERY,57,374.52
EVT-0027-SKU-020,2026-04-26,SKU-020,WH-001,DELIVERY,40,149.56
EVT-0028-SKU-001,2026-04-27,SKU-001,WH-001,DELIVERY,46,60.19
EVT-0028-SKU-002,2026-04-27,SKU-002,WH-003,DELIVERY,38,451.97
EVT-0028-SKU-003,2026-04-27,SKU-003,WH-003,DELIVERY,44,417.18
EVT-0028-SKU-004,2026-04-27,SKU-004,WH-003,DELIVERY,42,240.09
REC-0028-SKU-004,2026-04-27,SKU-004,WH-003,RECEIPT,140,174.17
EVT-0028-SKU-005,2026-04-27,SKU-005,WH-002,DELIVERY,50,190.08
EVT-0028-SKU-006,2026-04-27,SKU-006,WH-002,DELIVERY,34,474.04
REC-0028-SKU-006,2026-04-27,SKU-006,WH-002,RECEIPT,229,90.13
EVT-0028-SKU-007,2026-04-27,SKU-007,WH-001,DELIVERY,46,286.53
EVT-0028-SKU-008,2026-04-27,SKU-008,WH-002,DELIVERY,51,161.9
EVT-0028-SKU-009,2026-04-27,SKU-009,WH-001,DELIVERY,50,360.56
EVT-0028-SKU-010,2026-04-27,SKU-010,WH-001,DELIVERY,55,190.79
EVT-0028-SKU-011,2026-04-27,SKU-011,WH-003,DELIVERY,40,351.5
EVT-0028-SKU-012,2026-04-27,SKU-012,WH-001,DELIVERY,51,226.02
EVT-0028-SKU-013,2026-04-27,SKU-013,WH-003,DELIVERY,39,409.79
REC-0028-SKU-013,2026-04-27,SKU-013,WH-003,RECEIPT,111,45.5
EVT-0028-SKU-014,2026-04-27,SKU-014,WH-001,DELIVERY,30,418.89
EVT-0028-SKU-015,2026-04-27,SKU-015,WH-003,DELIVERY,28,159.06
EVT-0028-SKU-016,2026-04-27,SKU-016,WH-001,DELIVERY,27,130.97
EVT-0028-SKU-017,2026-04-27,SKU-017,WH-001,DELIVERY,59,96.36
EVT-0028-SKU-018,2026-04-27,SKU-018,WH-001,DELIVERY,52,303.99
EVT-0028-SKU-019,2026-04-27,SKU-019,WH-002,DELIVERY,57,138.77
REC-0028-SKU-019,2026-04-27,SKU-019,WH-002,RECEIPT,150,168.73
EVT-0028-SKU-020,2026-04-27,SKU-020,WH-001,DELIVERY,43,324.82
EVT-0029-SKU-001,2026-04-28,SKU-001,WH-003,DELIVERY,36,68.05
EVT-0029-SKU-002,2026-04-28,SKU-002,WH-002,DELIVERY,51,131.75
EVT-0029-SKU-003,2026-04-28,SKU-003,WH-003,DELIVERY,330,399.68
EVT-0029-SKU-004,2026-04-28,SKU-004,WH-002,DELIVERY,39,262.95
EVT-0029-SKU-005,2026-04-28,SKU-005,WH-002,DELIVERY,39,53.48
EVT-0029-SKU-006,2026-04-28,SKU-006,WH-001,DELIVERY,42,256.97
EVT-0029-SKU-007,2026-04-28,SKU-007,WH-003,DELIVERY,72,342.16
EVT-0029-SKU-008,2026-04-28,SKU-008,WH-003,DELIVERY,39,461.94
EVT-0029-SKU-009,2026-04-28,SKU-009,WH-001,DELIVERY,9,470.19
EVT-0029-SKU-010,2026-04-28,SKU-010,WH-001,DELIVERY,24,186.28
EVT-0029-SKU-011,2026-04-28,SKU-011,WH-003,DELIVERY,58,299.26
EVT-0029-SKU-012,2026-04-28,SKU-012,WH-002,DELIVERY,43,120.76
EVT-0029-SKU-013,2026-04-28,SKU-013,WH-001,DELIVERY,330,40.31
EVT-0029-SKU-014,2026-04-28,SKU-014,WH-001,DELIVERY,45,121.63
EVT-0029-SKU-015,2026-04-28,SKU-015,WH-001,DELIVERY,55,396.21
EVT-0029-SKU-016,2026-04-28,SKU-016,WH-001,DELIVERY,42,473.28
EVT-0029-SKU-017,2026-04-28,SKU-017,WH-003,DELIVERY,48,112.45
EVT-0029-SKU-018,2026-04-28,SKU-018,WH-003,DELIVERY,46,338.62
EVT-0029-SKU-019,2026-04-28,SKU-019,WH-003,DELIVERY,58,402.02
EVT-0029-SKU-020,2026-04-28,SKU-020,WH-003,DELIVERY,36,120.66
EVT-0030-SKU-001,2026-04-29,SKU-001,WH-003,DELIVERY,37,476.44
EVT-0030-SKU-002,2026-04-29,SKU-002,WH-003,DELIVERY,34,317.1
EVT-0030-SKU-003,2026-04-29,SKU-003,WH-003,DELIVERY,14,382.86
EVT-0030-SKU-004,2026-04-29,SKU-004,WH-002,DELIVERY,28,117.23
REC-0030-SKU-004,2026-04-29,SKU-004,WH-002,RECEIPT,243,375.47
EVT-0030-SKU-005,2026-04-29,SKU-005,WH-002,DELIVERY,31,71.19
EVT-0030-SKU-006,2026-04-29,SKU-006,WH-001,DELIVERY,43,62.15
EVT-0030-SKU-007,2026-04-29,SKU-007,WH-003,DELIVERY,33,445.61
REC-0030-SKU-007,2026-04-29,SKU-007,WH-003,RECEIPT,219,212.66
EVT-0030-SKU-008,2026-04-29,SKU-008,WH-002,DELIVERY,43,305.91
EVT-0030-SKU-009,2026-04-29,SKU-009,WH-001,DELIVERY,19,49.24
EVT-0030-SKU-010,2026-04-29,SKU-010,WH-001,DELIVERY,46,118.25
EVT-0030-SKU-011,2026-04-29,SKU-011,WH-001,DELIVERY,38,82.83
EVT-0030-SKU-012,2026-04-29,SKU-012,WH-003,DELIVERY,24,473.52
EVT-0030-SKU-013,2026-04-29,SKU-013,WH-003,DELIVERY,45,134.55
EVT-0030-SKU-014,2026-04-29,SKU-014,WH-002,DELIVERY,35,372.14
EVT-0030-SKU-015,2026-04-29,SKU-015,WH-003,DELIVERY,38,303.01
EVT-0030-SKU-016,2026-04-29,SKU-016,WH-001,DELIVERY,48,41.76
REC-0030-SKU-016,2026-04-29,SKU-016,WH-001,RECEIPT,155,418.99
EVT-0030-SKU-017,2026-04-29,SKU-017,WH-003,DELIVERY,33,118.58
EVT-0030-SKU-018,2026-04-29,SKU-018,WH-001,DELIVERY,35,93.13
EVT-0030-SKU-019,2026-04-29,SKU-019,WH-002,DELIVERY,22,290.3
EVT-0030-SKU-020,2026-04-29,SKU-020,WH-002,DELIVERY,41,209.92
EVT-0031-SKU-001,2026-04-30,SKU-001,WH-001,DELIVERY,38,163.54
EVT-0031-SKU-002,2026-04-30,SKU-002,WH-001,DELIVERY,53,347.04
EVT-0031-SKU-003,2026-04-30,SKU-003,WH-003,DELIVERY,31,311.27
EVT-0031-SKU-004,2026-04-30,SKU-004,WH-002,DELIVERY,52,232.57
EVT-0031-SKU-005,2026-04-30,SKU-005,WH-003,DELIVERY,50,455.28
EVT-0031-SKU-006,2026-04-30,SKU-006,WH-003,DELIVERY,30,277.74
EVT-0031-SKU-007,2026-04-30,SKU-007,WH-001,DELIVERY,52,116.9
EVT-0031-SKU-008,2026-04-30,SKU-008,WH-001,DELIVERY,35,234.75
EVT-0031-SKU-009,2026-04-30,SKU-009,WH-001,DELIVERY,56,158.63
EVT-0031-SKU-010,2026-04-30,SKU-010,WH-001,DELIVERY,39,222.78
EVT-0031-SKU-011,2026-04-30,SKU-011,WH-002,DELIVERY,78,91.76
EVT-0031-SKU-012,2026-04-30,SKU-012,WH-001,DELIVERY,36,308.03
EVT-0031-SKU-013,2026-04-30,SKU-013,WH-001,DELIVERY,34,286.39
EVT-0031-SKU-014,2026-04-30,SKU-014,WH-002,DELIVERY,37,341.2
EVT-0031-SKU-015,2026-04-30,SKU-015,WH-001,DELIVERY,45,353.17
EVT-0031-SKU-016,2026-04-30,SKU-016,WH-001,DELIVERY,50,444.32
EVT-0031-SKU-017,2026-04-30,SKU-017,WH-001,DELIVERY,39,49.31
EVT-0031-SKU-018,2026-04-30,SKU-018,WH-002,DELIVERY,12,266.14
EVT-0031-SKU-019,2026-04-30,SKU-019,WH-001,DELIVERY,61,419.88
EVT-0031-SKU-020,2026-04-30,SKU-020,WH-003,DELIVERY,64,336.96
EVT-0032-SKU-001,2026-05-01,SKU-001,WH-002,DELIVERY,45,389.37
EVT-0032-SKU-002,2026-05-01,SKU-002,WH-001,DELIVERY,61,113.13
EVT-0032-SKU-003,2026-05-01,SKU-003,WH-003,DELIVERY,33,444.49
EVT-0032-SKU-004,2026-05-01,SKU-004,WH-001,DELIVERY,39,423.15
EVT-0032-SKU-005,2026-05-01,SKU-005,WH-001,DELIVERY,43,131.59
EVT-0032-SKU-006,2026-05-01,SKU-006,WH-002,DELIVERY,40,332.29
EVT-0032-SKU-007,2026-05-01,SKU-007,WH-003,DELIVERY,51,121.69
EVT-0032-SKU-008,2026-05-01,SKU-008,WH-003,DELIVERY,42,198.35
EVT-0032-SKU-009,2026-05-01,SKU-009,WH-003,DELIVERY,42,62.84
REC-0032-SKU-009,2026-05-01,SKU-009,WH-003,RECEIPT,136,337.79
EVT-0032-SKU-010,2026-05-01,SKU-010,WH-003,DELIVERY,35,339.73
EVT-0032-SKU-011,2026-05-01,SKU-011,WH-003,DELIVERY,66,316.53
EVT-0032-SKU-012,2026-05-01,SKU-012,WH-001,DELIVERY,41,410.34
EVT-0032-SKU-013,2026-05-01,SKU-013,WH-003,DELIVERY,56,213.18
EVT-0032-SKU-014,2026-05-01,SKU-014,WH-002,DELIVERY,36,254.68
EVT-0032-SKU-015,2026-05-01,SKU-015,WH-003,DELIVERY,51,427.91
EVT-0032-SKU-016,2026-05-01,SKU-016,WH-003,DELIVERY,48,320.16
EVT-0032-SKU-017,2026-05-01,SKU-017,WH-003,DELIVERY,43,334.67
EVT-0032-SKU-018,2026-05-01,SKU-018,WH-002,DELIVERY,42,478.01
EVT-0032-SKU-019,2026-05-01,SKU-019,WH-001,DELIVERY,52,410.5
EVT-0032-SKU-020,2026-05-01,SKU-020,WH-003,DELIVERY,56,104.37
EVT-0033-SKU-001,2026-05-02,SKU-001,WH-003,DELIVERY,29,226.12
EVT-0033-SKU-002,2026-05-02,SKU-002,WH-003,DELIVERY,40,303.14
EVT-0033-SKU-003,2026-05-02,SKU-003,WH-002,DELIVERY,38,401.05
EVT-0033-SKU-004,2026-05-02,SKU-004,WH-003,DELIVERY,31,118.19
EVT-0033-SKU-005,2026-05-02,SKU-005,WH-002,DELIVERY,45,411.84
EVT-0033-SKU-006,2026-05-02,SKU-006,WH-003,DELIVERY,43,341.04
EVT-0033-SKU-007,2026-05-02,SKU-007,WH-002,DELIVERY,44,447.95
EVT-0033-SKU-008,2026-05-02,SKU-008,WH-002,DELIVERY,63,253.33
EVT-0033-SKU-009,2026-05-02,SKU-009,WH-002,DELIVERY,56,325.5
EVT-0033-SKU-010,2026-05-02,SKU-010,WH-001,DELIVERY,45,439.05
REC-0033-SKU-010,2026-05-02,SKU-010,WH-001,RECEIPT,215,177.24
EVT-0033-SKU-011,2026-05-02,SKU-011,WH-001,DELIVERY,44,197.63
EVT-0033-SKU-012,2026-05-02,SKU-012,WH-001,DELIVERY,35,369.21
EVT-0033-SKU-013,2026-05-02,SKU-013,WH-002,DELIVERY,22,66.69
EVT-0033-SKU-014,2026-05-02,SKU-014,WH-002,DELIVERY,70,395.83
EVT-0033-SKU-015,2026-05-02,SKU-015,WH-002,DELIVERY,44,239.51
REC-0033-SKU-015,2026-05-02,SKU-015,WH-002,RECEIPT,183,237.35
EVT-0033-SKU-016,2026-05-02,SKU-016,WH-002,DELIVERY,19,57.35
EVT-0033-SKU-017,2026-05-02,SKU-017,WH-003,DELIVERY,38,423.29
EVT-0033-SKU-018,2026-05-02,SKU-018,WH-001,DELIVERY,41,328.28
EVT-0033-SKU-019,2026-05-02,SKU-019,WH-001,DELIVERY,36,216.43
EVT-0033-SKU-020,2026-05-02,SKU-020,WH-001,DELIVERY,29,61.03
EVT-0034-SKU-001,2026-05-03,SKU-001,WH-002,DELIVERY,37,448.47
EVT-0034-SKU-002,2026-05-03,SKU-002,WH-002,DELIVERY,23,265.48
EVT-0034-SKU-003,2026-05-03,SKU-003,WH-001,DELIVERY,65,145.07
EVT-0034-SKU-004,2026-05-03,SKU-004,WH-001,DELIVERY,31,311.26
EVT-0034-SKU-005,2026-05-03,SKU-005,WH-001,DELIVERY,28,443.21
EVT-0034-SKU-006,2026-05-03,SKU-006,WH-003,DELIVERY,52,313.21
EVT-0034-SKU-007,2026-05-03,SKU-007,WH-003,DELIVERY,57,93.26
EVT-0034-SKU-008,2026-05-03,SKU-008,WH-002,DELIVERY,54,156.26
EVT-0034-SKU-009,2026-05-03,SKU-009,WH-001,DELIVERY,34,344.37
EVT-0034-SKU-010,2026-05-03,SKU-010,WH-003,DELIVERY,24,103.1
EVT-0034-SKU-011,2026-05-03,SKU-011,WH-003,DELIVERY,38,88.88
EVT-0034-SKU-012,2026-05-03,SKU-012,WH-003,DELIVERY,34,160.98
EVT-0034-SKU-013,2026-05-03,SKU-013,WH-002,DELIVERY,37,268.32
EVT-0034-SKU-014,2026-05-03,SKU-014,WH-003,DELIVERY,30,192.08
EVT-0034-SKU-015,2026-05-03,SKU-015,WH-001,DELIVERY,27,347.75
EVT-0034-SKU-016,2026-05-03,SKU-016,WH-001,DELIVERY,16,74.52
EVT-0034-SKU-017,2026-05-03,SKU-017,WH-002,DELIVERY,31,161.5
EVT-0034-SKU-018,2026-05-03,SKU-018,WH-001,DELIVERY,29,442.1
EVT-0034-SKU-019,2026-05-03,SKU-019,WH-002,DELIVERY,43,83.7
EVT-0034-SKU-020,2026-05-03,SKU-020,WH-001,DELIVERY,30,345.14
EVT-0035-SKU-001,2026-05-04,SKU-001,WH-002,DELIVERY,31,444.1
EVT-0035-SKU-002,2026-05-04,SKU-002,WH-002,DELIVERY,50,124.12
EVT-0035-SKU-003,2026-05-04,SKU-003,WH-002,DELIVERY,49,431.31
EVT-0035-SKU-004,2026-05-04,SKU-004,WH-003,DELIVERY,37,116.72
REC-0035-SKU-004,2026-05-04,SKU-004,WH-003,RECEIPT,95,491.52
EVT-0035-SKU-005,2026-05-04,SKU-005,WH-001,DELIVERY,60,301.71
EVT-0035-SKU-006,2026-05-04,SKU-006,WH-001,DELIVERY,56,398.42
REC-0035-SKU-006,2026-05-04,SKU-006,WH-001,RECEIPT,113,262.22
EVT-0035-SKU-007,2026-05-04,SKU-007,WH-002,DELIVERY,49,160.34
EVT-0035-SKU-008,2026-05-04,SKU-008,WH-001,DELIVERY,48,351.85
EVT-0035-SKU-009,2026-05-04,SKU-009,WH-003,DELIVERY,50,324.39
EVT-0035-SKU-010,2026-05-04,SKU-010,WH-003,DELIVERY,29,261.69
EVT-0035-SKU-011,2026-05-04,SKU-011,WH-001,DELIVERY,48,65.1
REC-0035-SKU-011,2026-05-04,SKU-011,WH-001,RECEIPT,209,430.47
EVT-0035-SKU-012,2026-05-04,SKU-012,WH-002,DELIVERY,26,74.44
EVT-0035-SKU-013,2026-05-04,SKU-013,WH-002,DELIVERY,41,142.45
EVT-0035-SKU-014,2026-05-04,SKU-014,WH-002,DELIVERY,71,76.26
EVT-0035-SKU-015,2026-05-04,SKU-015,WH-003,DELIVERY,17,94.61
EVT-0035-SKU-016,2026-05-04,SKU-016,WH-003,DELIVERY,47,87.22
EVT-0035-SKU-017,2026-05-04,SKU-017,WH-001,DELIVERY,39,317.93
EVT-0035-SKU-018,2026-05-04,SKU-018,WH-003,DELIVERY,39,341.11
EVT-0035-SKU-019,2026-05-04,SKU-019,WH-002,DELIVERY,37,249.05
EVT-0035-SKU-020,2026-05-04,SKU-020,WH-003,DELIVERY,43,369.32
EVT-0036-SKU-001,2026-05-05,SKU-001,WH-001,DELIVERY,40,421.75
REC-0036-SKU-001,2026-05-05,SKU-001,WH-001,RECEIPT,220,280.11
EVT-0036-SKU-002,2026-05-05,SKU-002,WH-003,DELIVERY,31,452.56
REC-0036-SKU-002,2026-05-05,SKU-002,WH-003,RECEIPT,115,418.05
EVT-0036-SKU-003,2026-05-05,SKU-003,WH-003,DELIVERY,38,126.27
EVT-0036-SKU-004,2026-05-05,SKU-004,WH-001,DELIVERY,34,399.45
EVT-0036-SKU-005,2026-05-05,SKU-005,WH-001,DELIVERY,40,349.19
REC-0036-SKU-005,2026-05-05,SKU-005,WH-001,RECEIPT,195,250.4
EVT-0036-SKU-006,2026-05-05,SKU-006,WH-003,DELIVERY,36,101.93
REC-0036-SKU-006,2026-05-05,SKU-006,WH-003,RECEIPT,81,283.97
EVT-0036-SKU-007,2026-05-05,SKU-007,WH-001,DELIVERY,27,465.21
EVT-0036-SKU-008,2026-05-05,SKU-008,WH-003,DELIVERY,35,376.03
EVT-0036-SKU-009,2026-05-05,SKU-009,WH-001,DELIVERY,27,271.89
EVT-0036-SKU-010,2026-05-05,SKU-010,WH-002,DELIVERY,50,461.32
EVT-0036-SKU-011,2026-05-05,SKU-011,WH-002,DELIVERY,31,410.21
EVT-0036-SKU-012,2026-05-05,SKU-012,WH-002,DELIVERY,46,447.76
REC-0036-SKU-012,2026-05-05,SKU-012,WH-002,RECEIPT,220,435.93
EVT-0036-SKU-013,2026-05-05,SKU-013,WH-003,DELIVERY,38,136.47
REC-0036-SKU-013,2026-05-05,SKU-013,WH-003,RECEIPT,168,463.75
EVT-0036-SKU-014,2026-05-05,SKU-014,WH-001,DELIVERY,24,339.04
EVT-0036-SKU-015,2026-05-05,SKU-015,WH-003,DELIVERY,23,389.96
REC-0036-SKU-015,2026-05-05,SKU-015,WH-003,RECEIPT,229,302.49
EVT-0036-SKU-016,2026-05-05,SKU-016,WH-003,DELIVERY,35,350.15
REC-0036-SKU-016,2026-05-05,SKU-016,WH-003,RECEIPT,188,411.82
EVT-0036-SKU-017,2026-05-05,SKU-017,WH-003,DELIVERY,49,66.04
REC-0036-SKU-017,2026-05-05,SKU-017,WH-003,RECEIPT,121,492.42
EVT-0036-SKU-018,2026-05-05,SKU-018,WH-003,DELIVERY,47,426.12
REC-0036-SKU-018,2026-05-05,SKU-018,WH-003,RECEIPT,132,386.65
EVT-0036-SKU-019,2026-05-05,SKU-019,WH-001,DELIVERY,31,350.74
EVT-0036-SKU-020,2026-05-05,SKU-020,WH-003,DELIVERY,50,218.89
REC-0036-SKU-020,2026-05-05,SKU-020,WH-003,RECEIPT,250,61.61
EVT-0037-SKU-001,2026-05-06,SKU-001,WH-002,DELIVERY,17,183.82
EVT-0037-SKU-002,2026-05-06,SKU-002,WH-001,DELIVERY,59,133.42
EVT-0037-SKU-003,2026-05-06,SKU-003,WH-001,DELIVERY,55,387.35
EVT-0037-SKU-004,2026-05-06,SKU-004,WH-003,DELIVERY,30,175.32
EVT-0037-SKU-005,2026-05-06,SKU-005,WH-003,DELIVERY,67,94.9
EVT-0037-SKU-006,2026-05-06,SKU-006,WH-002,DELIVERY,53,161.55
EVT-0037-SKU-007,2026-05-06,SKU-007,WH-003,DELIVERY,40,471.25
EVT-0037-SKU-008,2026-05-06,SKU-008,WH-001,DELIVERY,38,314.56
EVT-0037-SKU-009,2026-05-06,SKU-009,WH-002,DELIVERY,43,365.53
EVT-0037-SKU-010,2026-05-06,SKU-010,WH-001,DELIVERY,25,401.68
EVT-0037-SKU-011,2026-05-06,SKU-011,WH-002,DELIVERY,28,446.36
EVT-0037-SKU-012,2026-05-06,SKU-012,WH-002,DELIVERY,36,140.48
EVT-0037-SKU-013,2026-05-06,SKU-013,WH-003,DELIVERY,275,245.01
EVT-0037-SKU-014,2026-05-06,SKU-014,WH-001,DELIVERY,9,187.63
EVT-0037-SKU-015,2026-05-06,SKU-015,WH-002,DELIVERY,39,277.76
EVT-0037-SKU-016,2026-05-06,SKU-016,WH-003,DELIVERY,59,244.96
EVT-0037-SKU-017,2026-05-06,SKU-017,WH-002,DELIVERY,46,476.18
EVT-0037-SKU-018,2026-05-06,SKU-018,WH-003,DELIVERY,35,328.39
EVT-0037-SKU-019,2026-05-06,SKU-019,WH-003,DELIVERY,34,424.41
EVT-0037-SKU-020,2026-05-06,SKU-020,WH-003,DELIVERY,33,444.17
EVT-0038-SKU-001,2026-05-07,SKU-001,WH-003,DELIVERY,41,50.93
EVT-0038-SKU-002,2026-05-07,SKU-002,WH-001,DELIVERY,35,64.96
EVT-0038-SKU-003,2026-05-07,SKU-003,WH-003,DELIVERY,60,227.51
EVT-0038-SKU-004,2026-05-07,SKU-004,WH-003,DELIVERY,49,185.55
EVT-0038-SKU-005,2026-05-07,SKU-005,WH-003,DELIVERY,40,69.09
EVT-0038-SKU-006,2026-05-07,SKU-006,WH-003,DELIVERY,40,204.54
EVT-0038-SKU-007,2026-05-07,SKU-007,WH-002,DELIVERY,42,392.03
EVT-0038-SKU-008,2026-05-07,SKU-008,WH-002,DELIVERY,30,343.93
EVT-0038-SKU-009,2026-05-07,SKU-009,WH-001,DELIVERY,33,406.84
EVT-0038-SKU-010,2026-05-07,SKU-010,WH-003,DELIVERY,38,351.55
EVT-0038-SKU-011,2026-05-07,SKU-011,WH-001,DELIVERY,25,42.31
EVT-0038-SKU-012,2026-05-07,SKU-012,WH-003,DELIVERY,34,79.16
EVT-0038-SKU-013,2026-05-07,SKU-013,WH-003,DELIVERY,38,456.59
EVT-0038-SKU-014,2026-05-07,SKU-014,WH-001,DELIVERY,20,323.77
EVT-0038-SKU-015,2026-05-07,SKU-015,WH-001,DELIVERY,53,65.02
EVT-0038-SKU-016,2026-05-07,SKU-016,WH-003,DELIVERY,51,173.7
EVT-0038-SKU-017,2026-05-07,SKU-017,WH-002,DELIVERY,55,192.19
EVT-0038-SKU-018,2026-05-07,SKU-018,WH-003,DELIVERY,51,86.02
EVT-0038-SKU-019,2026-05-07,SKU-019,WH-001,DELIVERY,34,180.61
EVT-0038-SKU-020,2026-05-07,SKU-020,WH-003,DELIVERY,51,411.54
EVT-0039-SKU-001,2026-05-08,SKU-001,WH-001,DELIVERY,49,380.32
EVT-0039-SKU-002,2026-05-08,SKU-002,WH-002,DELIVERY,40,101.78
EVT-0039-SKU-003,2026-05-08,SKU-003,WH-002,DELIVERY,28,293.77
EVT-0039-SKU-004,2026-05-08,SKU-004,WH-003,DELIVERY,42,427.22
EVT-0039-SKU-005,2026-05-08,SKU-005,WH-003,DELIVERY,46,374.62
EVT-0039-SKU-006,2026-05-08,SKU-006,WH-003,DELIVERY,58,413.82
EVT-0039-SKU-007,2026-05-08,SKU-007,WH-003,DELIVERY,40,451.23
EVT-0039-SKU-008,2026-05-08,SKU-008,WH-003,DELIVERY,43,208.28
EVT-0039-SKU-009,2026-05-08,SKU-009,WH-003,DELIVERY,38,274.79
EVT-0039-SKU-010,2026-05-08,SKU-010,WH-002,DELIVERY,30,344.83
EVT-0039-SKU-011,2026-05-08,SKU-011,WH-003,DELIVERY,44,300.27
EVT-0039-SKU-012,2026-05-08,SKU-012,WH-003,DELIVERY,45,472.02
EVT-0039-SKU-013,2026-05-08,SKU-013,WH-001,DELIVERY,40,147.65
EVT-0039-SKU-014,2026-05-08,SKU-014,WH-003,DELIVERY,31,206.18
EVT-0039-SKU-015,2026-05-08,SKU-015,WH-002,DELIVERY,42,87.48
EVT-0039-SKU-016,2026-05-08,SKU-016,WH-003,DELIVERY,37,290.4
EVT-0039-SKU-017,2026-05-08,SKU-017,WH-002,DELIVERY,33,424.32
EVT-0039-SKU-018,2026-05-08,SKU-018,WH-002,DELIVERY,30,142.53
EVT-0039-SKU-019,2026-05-08,SKU-019,WH-002,DELIVERY,44,448.1
EVT-0039-SKU-020,2026-05-08,SKU-020,WH-003,DELIVERY,29,242.35
EVT-0040-SKU-001,2026-05-09,SKU-001,WH-001,DELIVERY,30,112.38
EVT-0040-SKU-002,2026-05-09,SKU-002,WH-003,DELIVERY,39,413.14
EVT-0040-SKU-003,2026-05-09,SKU-003,WH-002,DELIVERY,33,337.74
EVT-0040-SKU-004,2026-05-09,SKU-004,WH-001,DELIVERY,27,98.83
EVT-0040-SKU-005,2026-05-09,SKU-005,WH-001,DELIVERY,37,65.72
EVT-0040-SKU-006,2026-05-09,SKU-006,WH-001,DELIVERY,37,226.51
REC-0040-SKU-006,2026-05-09,SKU-006,WH-001,RECEIPT,249,417.8
EVT-0040-SKU-007,2026-05-09,SKU-007,WH-001,DELIVERY,43,261.57
REC-0040-SKU-007,2026-05-09,SKU-007,WH-001,RECEIPT,185,316.39
EVT-0040-SKU-008,2026-05-09,SKU-008,WH-003,DELIVERY,56,123.67
EVT-0040-SKU-009,2026-05-09,SKU-009,WH-001,DELIVERY,38,311.67
REC-0040-SKU-009,2026-05-09,SKU-009,WH-001,RECEIPT,176,217.31
EVT-0040-SKU-010,2026-05-09,SKU-010,WH-001,DELIVERY,174,420.2
EVT-0040-SKU-011,2026-05-09,SKU-011,WH-001,DELIVERY,23,400.58
EVT-0040-SKU-012,2026-05-09,SKU-012,WH-001,DELIVERY,42,99.95
REC-0040-SKU-012,2026-05-09,SKU-012,WH-001,RECEIPT,246,238.49
EVT-0040-SKU-013,2026-05-09,SKU-013,WH-002,DELIVERY,37,145.56
EVT-0040-SKU-014,2026-05-09,SKU-014,WH-002,DELIVERY,42,410.13
EVT-0040-SKU-015,2026-05-09,SKU-015,WH-002,DELIVERY,49,435.16
EVT-0040-SKU-016,2026-05-09,SKU-016,WH-003,DELIVERY,50,227.98
REC-0040-SKU-016,2026-05-09,SKU-016,WH-003,RECEIPT,81,366.21
EVT-0040-SKU-017,2026-05-09,SKU-017,WH-001,DELIVERY,136,356.37
REC-0040-SKU-017,2026-05-09,SKU-017,WH-001,RECEIPT,184,206.64
EVT-0040-SKU-018,2026-05-09,SKU-018,WH-001,DELIVERY,37,309.27
EVT-0040-SKU-019,2026-05-09,SKU-019,WH-003,DELIVERY,29,353.08
REC-0040-SKU-019,2026-05-09,SKU-019,WH-003,RECEIPT,185,293.97
EVT-0040-SKU-020,2026-05-09,SKU-020,WH-003,DELIVERY,45,210.3
EVT-0041-SKU-001,2026-05-10,SKU-001,WH-002,DELIVERY,55,223.14
EVT-0041-SKU-002,2026-05-10,SKU-002,WH-003,DELIVERY,38,145.69
EVT-0041-SKU-003,2026-05-10,SKU-003,WH-001,DELIVERY,42,293.27
EVT-0041-SKU-004,2026-05-10,SKU-004,WH-001,DELIVERY,51,332.5
EVT-0041-SKU-005,2026-05-10,SKU-005,WH-001,DELIVERY,24,161.02
EVT-0041-SKU-006,2026-05-10,SKU-006,WH-001,DELIVERY,42,373.27
EVT-0041-SKU-007,2026-05-10,SKU-007,WH-003,DELIVERY,34,66.43
EVT-0041-SKU-008,2026-05-10,SKU-008,WH-003,DELIVERY,31,44.93
EVT-0041-SKU-009,2026-05-10,SKU-009,WH-001,DELIVERY,55,146.57
EVT-0041-SKU-010,2026-05-10,SKU-010,WH-003,DELIVERY,43,150.06
EVT-0041-SKU-011,2026-05-10,SKU-011,WH-001,DELIVERY,48,348.04
EVT-0041-SKU-012,2026-05-10,SKU-012,WH-003,DELIVERY,45,47.07
EVT-0041-SKU-013,2026-05-10,SKU-013,WH-001,DELIVERY,21,308.15
EVT-0041-SKU-014,2026-05-10,SKU-014,WH-002,DELIVERY,34,483.01
EVT-0041-SKU-015,2026-05-10,SKU-015,WH-002,DELIVERY,31,88.97
EVT-0041-SKU-016,2026-05-10,SKU-016,WH-003,DELIVERY,35,475.63
EVT-0041-SKU-017,2026-05-10,SKU-017,WH-003,DELIVERY,46,484.39
EVT-0041-SKU-018,2026-05-10,SKU-018,WH-001,DELIVERY,25,482.17
EVT-0041-SKU-019,2026-05-10,SKU-019,WH-003,DELIVERY,24,93.48
EVT-0041-SKU-020,2026-05-10,SKU-020,WH-002,DELIVERY,43,497.33
EVT-0042-SKU-001,2026-05-11,SKU-001,WH-002,DELIVERY,30,362.38
EVT-0042-SKU-002,2026-05-11,SKU-002,WH-001,DELIVERY,45,223.51
EVT-0042-SKU-003,2026-05-11,SKU-003,WH-001,DELIVERY,32,140.54
EVT-0042-SKU-004,2026-05-11,SKU-004,WH-001,DELIVERY,37,354.23
EVT-0042-SKU-005,2026-05-11,SKU-005,WH-002,DELIVERY,39,162.09
EVT-0042-SKU-006,2026-05-11,SKU-006,WH-001,DELIVERY,31,424.71
EVT-0042-SKU-007,2026-05-11,SKU-007,WH-001,DELIVERY,41,479.66
EVT-0042-SKU-008,2026-05-11,SKU-008,WH-003,DELIVERY,102,430.08
EVT-0042-SKU-009,2026-05-11,SKU-009,WH-003,DELIVERY,29,304.28
EVT-0042-SKU-010,2026-05-11,SKU-010,WH-002,DELIVERY,63,391.56
EVT-0042-SKU-011,2026-05-11,SKU-011,WH-002,DELIVERY,42,407.66
EVT-0042-SKU-012,2026-05-11,SKU-012,WH-003,DELIVERY,55,199.75
REC-0042-SKU-012,2026-05-11,SKU-012,WH-003,RECEIPT,197,489.19
EVT-0042-SKU-013,2026-05-11,SKU-013,WH-003,DELIVERY,116,214.54
REC-0042-SKU-013,2026-05-11,SKU-013,WH-003,RECEIPT,163,206.34
EVT-0042-SKU-014,2026-05-11,SKU-014,WH-002,DELIVERY,38,160.91
EVT-0042-SKU-015,2026-05-11,SKU-015,WH-002,DELIVERY,50,235.01
EVT-0042-SKU-016,2026-05-11,SKU-016,WH-003,DELIVERY,37,207.94
EVT-0042-SKU-017,2026-05-11,SKU-017,WH-002,DELIVERY,25,355.57
REC-0042-SKU-017,2026-05-11,SKU-017,WH-002,RECEIPT,149,409.88
EVT-0042-SKU-018,2026-05-11,SKU-018,WH-003,DELIVERY,44,215.21
REC-0042-SKU-018,2026-05-11,SKU-018,WH-003,RECEIPT,118,257.57
EVT-0042-SKU-019,2026-05-11,SKU-019,WH-001,DELIVERY,46,430.72
EVT-0042-SKU-020,2026-05-11,SKU-020,WH-002,DELIVERY,52,298.58
EVT-0043-SKU-001,2026-05-12,SKU-001,WH-002,DELIVERY,45,156.97
EVT-0043-SKU-002,2026-05-12,SKU-002,WH-002,DELIVERY,44,159.49
EVT-0043-SKU-003,2026-05-12,SKU-003,WH-003,DELIVERY,19,229.41
EVT-0043-SKU-004,2026-05-12,SKU-004,WH-003,DELIVERY,32,131.52
EVT-0043-SKU-005,2026-05-12,SKU-005,WH-002,DELIVERY,28,378.8
EVT-0043-SKU-006,2026-05-12,SKU-006,WH-002,DELIVERY,54,253.33
EVT-0043-SKU-007,2026-05-12,SKU-007,WH-001,DELIVERY,22,321.66
EVT-0043-SKU-008,2026-05-12,SKU-008,WH-001,DELIVERY,18,198.07
EVT-0043-SKU-009,2026-05-12,SKU-009,WH-002,DELIVERY,29,221.91
EVT-0043-SKU-010,2026-05-12,SKU-010,WH-002,DELIVERY,24,279.63
EVT-0043-SKU-011,2026-05-12,SKU-011,WH-002,DELIVERY,51,147.93
EVT-0043-SKU-012,2026-05-12,SKU-012,WH-003,DELIVERY,60,76.83
EVT-0043-SKU-013,2026-05-12,SKU-013,WH-002,DELIVERY,43,292.28
EVT-0043-SKU-014,2026-05-12,SKU-014,WH-002,DELIVERY,42,498.17
EVT-0043-SKU-015,2026-05-12,SKU-015,WH-002,DELIVERY,36,219.33
EVT-0043-SKU-016,2026-05-12,SKU-016,WH-001,DELIVERY,36,243.85
EVT-0043-SKU-017,2026-05-12,SKU-017,WH-001,DELIVERY,32,204.15
EVT-0043-SKU-018,2026-05-12,SKU-018,WH-002,DELIVERY,38,440.61
EVT-0043-SKU-019,2026-05-12,SKU-019,WH-003,DELIVERY,10,121.44
EVT-0043-SKU-020,2026-05-12,SKU-020,WH-003,DELIVERY,50,443.56
EVT-0044-SKU-001,2026-05-13,SKU-001,WH-003,DELIVERY,30,261.56
EVT-0044-SKU-002,2026-05-13,SKU-002,WH-001,DELIVERY,28,208.26
EVT-0044-SKU-003,2026-05-13,SKU-003,WH-001,DELIVERY,39,430.06
EVT-0044-SKU-004,2026-05-13,SKU-004,WH-002,DELIVERY,40,43.83
EVT-0044-SKU-005,2026-05-13,SKU-005,WH-002,DELIVERY,33,314.62
EVT-0044-SKU-006,2026-05-13,SKU-006,WH-003,DELIVERY,59,229.4
REC-0044-SKU-006,2026-05-13,SKU-006,WH-003,RECEIPT,181,154.95
EVT-0044-SKU-007,2026-05-13,SKU-007,WH-003,DELIVERY,39,160.97
REC-0044-SKU-007,2026-05-13,SKU-007,WH-003,RECEIPT,240,150.2
EVT-0044-SKU-008,2026-05-13,SKU-008,WH-003,DELIVERY,28,354.93
EVT-0044-SKU-009,2026-05-13,SKU-009,WH-003,DELIVERY,39,432.6
EVT-0044-SKU-010,2026-05-13,SKU-010,WH-001,DELIVERY,18,332.97
EVT-0044-SKU-011,2026-05-13,SKU-011,WH-002,DELIVERY,35,109.99
EVT-0044-SKU-012,2026-05-13,SKU-012,WH-001,DELIVERY,26,169.77
EVT-0044-SKU-013,2026-05-13,SKU-013,WH-003,DELIVERY,38,46.77
EVT-0044-SKU-014,2026-05-13,SKU-014,WH-002,DELIVERY,40,401.43
EVT-0044-SKU-015,2026-05-13,SKU-015,WH-002,DELIVERY,19,428.03
EVT-0044-SKU-016,2026-05-13,SKU-016,WH-001,DELIVERY,44,220.51
EVT-0044-SKU-017,2026-05-13,SKU-017,WH-001,DELIVERY,48,421.0
EVT-0044-SKU-018,2026-05-13,SKU-018,WH-003,DELIVERY,61,394.76
EVT-0044-SKU-019,2026-05-13,SKU-019,WH-001,DELIVERY,39,394.66
EVT-0044-SKU-020,2026-05-13,SKU-020,WH-002,DELIVERY,36,482.16
EVT-0045-SKU-001,2026-05-14,SKU-001,WH-001,DELIVERY,37,279.63
REC-0045-SKU-001,2026-05-14,SKU-001,WH-001,RECEIPT,203,333.72
EVT-0045-SKU-002,2026-05-14,SKU-002,WH-001,DELIVERY,37,63.96
EVT-0045-SKU-003,2026-05-14,SKU-003,WH-001,DELIVERY,205,308.96
EVT-0045-SKU-004,2026-05-14,SKU-004,WH-001,DELIVERY,156,307.3
EVT-0045-SKU-005,2026-05-14,SKU-005,WH-003,DELIVERY,30,112.54
EVT-0045-SKU-006,2026-05-14,SKU-006,WH-003,DELIVERY,33,468.19
REC-0045-SKU-006,2026-05-14,SKU-006,WH-003,RECEIPT,95,203.54
EVT-0045-SKU-007,2026-05-14,SKU-007,WH-001,DELIVERY,33,147.03
EVT-0045-SKU-008,2026-05-14,SKU-008,WH-002,DELIVERY,19,49.82
EVT-0045-SKU-009,2026-05-14,SKU-009,WH-002,DELIVERY,38,365.05
REC-0045-SKU-009,2026-05-14,SKU-009,WH-002,RECEIPT,218,360.64
EVT-0045-SKU-010,2026-05-14,SKU-010,WH-001,DELIVERY,31,290.07
EVT-0045-SKU-011,2026-05-14,SKU-011,WH-003,DELIVERY,16,435.86
EVT-0045-SKU-012,2026-05-14,SKU-012,WH-001,DELIVERY,44,246.72
REC-0045-SKU-012,2026-05-14,SKU-012,WH-001,RECEIPT,218,208.87
EVT-0045-SKU-013,2026-05-14,SKU-013,WH-001,DELIVERY,42,446.15
EVT-0045-SKU-014,2026-05-14,SKU-014,WH-003,DELIVERY,25,371.66
EVT-0045-SKU-015,2026-05-14,SKU-015,WH-001,DELIVERY,26,322.0
EVT-0045-SKU-016,2026-05-14,SKU-016,WH-002,DELIVERY,37,90.81
EVT-0045-SKU-017,2026-05-14,SKU-017,WH-001,DELIVERY,43,132.96
EVT-0045-SKU-018,2026-05-14,SKU-018,WH-001,DELIVERY,34,302.67
EVT-0045-SKU-019,2026-05-14,SKU-019,WH-003,DELIVERY,23,62.58
EVT-0045-SKU-020,2026-05-14,SKU-020,WH-003,DELIVERY,41,46.02
EVT-0046-SKU-001,2026-05-15,SKU-001,WH-003,DELIVERY,14,408.47
EVT-0046-SKU-002,2026-05-15,SKU-002,WH-002,DELIVERY,41,471.59
EVT-0046-SKU-003,2026-05-15,SKU-003,WH-002,DELIVERY,41,283.35
EVT-0046-SKU-004,2026-05-15,SKU-004,WH-002,DELIVERY,36,139.31
EVT-0046-SKU-005,2026-05-15,SKU-005,WH-001,DELIVERY,37,282.05
EVT-0046-SKU-006,2026-05-15,SKU-006,WH-003,DELIVERY,25,122.29
EVT-0046-SKU-007,2026-05-15,SKU-007,WH-003,DELIVERY,53,251.01
EVT-0046-SKU-008,2026-05-15,SKU-008,WH-001,DELIVERY,50,122.98
EVT-0046-SKU-009,2026-05-15,SKU-009,WH-003,DELIVERY,36,243.79
EVT-0046-SKU-010,2026-05-15,SKU-010,WH-002,DELIVERY,46,498.55
EVT-0046-SKU-011,2026-05-15,SKU-011,WH-002,DELIVERY,41,319.87
EVT-0046-SKU-012,2026-05-15,SKU-012,WH-002,DELIVERY,27,466.03
EVT-0046-SKU-013,2026-05-15,SKU-013,WH-002,DELIVERY,52,374.1
EVT-0046-SKU-014,2026-05-15,SKU-014,WH-003,DELIVERY,144,496.97
EVT-0046-SKU-015,2026-05-15,SKU-015,WH-001,DELIVERY,37,49.98
EVT-0046-SKU-016,2026-05-15,SKU-016,WH-003,DELIVERY,48,302.51
EVT-0046-SKU-017,2026-05-15,SKU-017,WH-001,DELIVERY,50,208.86
EVT-0046-SKU-018,2026-05-15,SKU-018,WH-001,DELIVERY,42,178.14
EVT-0046-SKU-019,2026-05-15,SKU-019,WH-003,DELIVERY,56,404.74
EVT-0046-SKU-020,2026-05-15,SKU-020,WH-002,DELIVERY,30,357.21
EVT-0047-SKU-001,2026-05-16,SKU-001,WH-003,DELIVERY,37,215.51
EVT-0047-SKU-002,2026-05-16,SKU-002,WH-002,DELIVERY,37,415.89
EVT-0047-SKU-003,2026-05-16,SKU-003,WH-001,DELIVERY,45,317.06
EVT-0047-SKU-004,2026-05-16,SKU-004,WH-003,DELIVERY,33,215.94
EVT-0047-SKU-005,2026-05-16,SKU-005,WH-003,DELIVERY,54,271.1
EVT-0047-SKU-006,2026-05-16,SKU-006,WH-001,DELIVERY,43,376.53
EVT-0047-SKU-007,2026-05-16,SKU-007,WH-002,DELIVERY,40,238.69
EVT-0047-SKU-008,2026-05-16,SKU-008,WH-001,DELIVERY,24,77.97
EVT-0047-SKU-009,2026-05-16,SKU-009,WH-003,DELIVERY,35,395.96
EVT-0047-SKU-010,2026-05-16,SKU-010,WH-001,DELIVERY,42,131.13
EVT-0047-SKU-011,2026-05-16,SKU-011,WH-003,DELIVERY,26,281.15
EVT-0047-SKU-012,2026-05-16,SKU-012,WH-001,DELIVERY,33,237.83
EVT-0047-SKU-013,2026-05-16,SKU-013,WH-001,DELIVERY,34,187.54
EVT-0047-SKU-014,2026-05-16,SKU-014,WH-002,DELIVERY,28,200.87
EVT-0047-SKU-015,2026-05-16,SKU-015,WH-003,DELIVERY,42,131.86
EVT-0047-SKU-016,2026-05-16,SKU-016,WH-001,DELIVERY,42,432.27
EVT-0047-SKU-017,2026-05-16,SKU-017,WH-003,DELIVERY,67,439.63
EVT-0047-SKU-018,2026-05-16,SKU-018,WH-001,DELIVERY,49,409.97
EVT-0047-SKU-019,2026-05-16,SKU-019,WH-002,DELIVERY,29,137.46
EVT-0047-SKU-020,2026-05-16,SKU-020,WH-003,DELIVERY,41,375.76
EVT-0048-SKU-001,2026-05-17,SKU-001,WH-003,DELIVERY,39,345.22
EVT-0048-SKU-002,2026-05-17,SKU-002,WH-002,DELIVERY,37,170.65
EVT-0048-SKU-003,2026-05-17,SKU-003,WH-001,DELIVERY,11,343.77
EVT-0048-SKU-004,2026-05-17,SKU-004,WH-001,DELIVERY,276,146.34
EVT-0048-SKU-005,2026-05-17,SKU-005,WH-003,DELIVERY,45,438.72
REC-0048-SKU-005,2026-05-17,SKU-005,WH-003,RECEIPT,127,131.48
EVT-0048-SKU-006,2026-05-17,SKU-006,WH-002,DELIVERY,39,367.74
EVT-0048-SKU-007,2026-05-17,SKU-007,WH-001,DELIVERY,49,382.42
EVT-0048-SKU-008,2026-05-17,SKU-008,WH-002,DELIVERY,35,203.47
EVT-0048-SKU-009,2026-05-17,SKU-009,WH-001,DELIVERY,73,68.52
EVT-0048-SKU-010,2026-05-17,SKU-010,WH-002,DELIVERY,39,414.83
EVT-0048-SKU-011,2026-05-17,SKU-011,WH-003,DELIVERY,48,220.71
EVT-0048-SKU-012,2026-05-17,SKU-012,WH-001,DELIVERY,37,279.53
REC-0048-SKU-012,2026-05-17,SKU-012,WH-001,RECEIPT,186,150.57
EVT-0048-SKU-013,2026-05-17,SKU-013,WH-001,DELIVERY,30,246.62
EVT-0048-SKU-014,2026-05-17,SKU-014,WH-001,DELIVERY,44,307.27
REC-0048-SKU-014,2026-05-17,SKU-014,WH-001,RECEIPT,115,182.14
EVT-0048-SKU-015,2026-05-17,SKU-015,WH-003,DELIVERY,61,458.14
EVT-0048-SKU-016,2026-05-17,SKU-016,WH-003,DELIVERY,24,461.87
EVT-0048-SKU-017,2026-05-17,SKU-017,WH-001,DELIVERY,12,186.09
EVT-0048-SKU-018,2026-05-17,SKU-018,WH-003,DELIVERY,29,186.6
EVT-0048-SKU-019,2026-05-17,SKU-019,WH-002,DELIVERY,33,332.95
EVT-0048-SKU-020,2026-05-17,SKU-020,WH-001,DELIVERY,58,89.11
EVT-0049-SKU-001,2026-05-18,SKU-001,WH-001,DELIVERY,41,300.84
EVT-0049-SKU-002,2026-05-18,SKU-002,WH-003,DELIVERY,23,356.19
EVT-0049-SKU-003,2026-05-18,SKU-003,WH-001,DELIVERY,34,318.17
EVT-0049-SKU-004,2026-05-18,SKU-004,WH-001,DELIVERY,27,266.06
REC-0049-SKU-004,2026-05-18,SKU-004,WH-001,RECEIPT,121,128.9
EVT-0049-SKU-005,2026-05-18,SKU-005,WH-001,DELIVERY,13,477.09
EVT-0049-SKU-006,2026-05-18,SKU-006,WH-003,DELIVERY,57,133.3
EVT-0049-SKU-007,2026-05-18,SKU-007,WH-001,DELIVERY,53,323.85
EVT-0049-SKU-008,2026-05-18,SKU-008,WH-002,DELIVERY,66,236.68
EVT-0049-SKU-009,2026-05-18,SKU-009,WH-003,DELIVERY,38,321.29
EVT-0049-SKU-010,2026-05-18,SKU-010,WH-003,DELIVERY,28,250.17
EVT-0049-SKU-011,2026-05-18,SKU-011,WH-001,DELIVERY,28,296.54
EVT-0049-SKU-012,2026-05-18,SKU-012,WH-001,DELIVERY,38,223.1
EVT-0049-SKU-013,2026-05-18,SKU-013,WH-002,DELIVERY,27,65.09
REC-0049-SKU-013,2026-05-18,SKU-013,WH-002,RECEIPT,198,421.75
EVT-0049-SKU-014,2026-05-18,SKU-014,WH-002,DELIVERY,43,270.3
REC-0049-SKU-014,2026-05-18,SKU-014,WH-002,RECEIPT,229,471.41
EVT-0049-SKU-015,2026-05-18,SKU-015,WH-003,DELIVERY,28,51.46
EVT-0049-SKU-016,2026-05-18,SKU-016,WH-003,DELIVERY,36,452.07
EVT-0049-SKU-017,2026-05-18,SKU-017,WH-001,DELIVERY,39,406.38
EVT-0049-SKU-018,2026-05-18,SKU-018,WH-001,DELIVERY,58,246.72
EVT-0049-SKU-019,2026-05-18,SKU-019,WH-001,DELIVERY,28,275.37
REC-0049-SKU-019,2026-05-18,SKU-019,WH-001,RECEIPT,176,293.16
EVT-0049-SKU-020,2026-05-18,SKU-020,WH-001,DELIVERY,38,459.64
REC-0049-SKU-020,2026-05-18,SKU-020,WH-001,RECEIPT,121,439.66
EVT-0050-SKU-001,2026-05-19,SKU-001,WH-001,DELIVERY,40,375.87
EVT-0050-SKU-002,2026-05-19,SKU-002,WH-002,DELIVERY,36,94.07
EVT-0050-SKU-003,2026-05-19,SKU-003,WH-001,DELIVERY,360,433.49
REC-0050-SKU-003,2026-05-19,SKU-003,WH-001,RECEIPT,235,446.04
EVT-0050-SKU-004,2026-05-19,SKU-004,WH-001,DELIVERY,40,343.36
EVT-0050-SKU-005,2026-05-19,SKU-005,WH-002,DELIVERY,120,325.09
EVT-0050-SKU-006,2026-05-19,SKU-006,WH-001,DELIVERY,45,65.33
REC-0050-SKU-006,2026-05-19,SKU-006,WH-001,RECEIPT,89,106.87
EVT-0050-SKU-007,2026-05-19,SKU-007,WH-001,DELIVERY,28,463.38
REC-0050-SKU-007,2026-05-19,SKU-007,WH-001,RECEIPT,107,231.8
EVT-0050-SKU-008,2026-05-19,SKU-008,WH-001,DELIVERY,20,170.82
EVT-0050-SKU-009,2026-05-19,SKU-009,WH-002,DELIVERY,39,393.52
REC-0050-SKU-009,2026-05-19,SKU-009,WH-002,RECEIPT,174,452.86
EVT-0050-SKU-010,2026-05-19,SKU-010,WH-001,DELIVERY,28,427.92
EVT-0050-SKU-011,2026-05-19,SKU-011,WH-002,DELIVERY,33,191.44
EVT-0050-SKU-012,2026-05-19,SKU-012,WH-003,DELIVERY,41,136.16
REC-0050-SKU-012,2026-05-19,SKU-012,WH-003,RECEIPT,107,302.83
EVT-0050-SKU-013,2026-05-19,SKU-013,WH-003,DELIVERY,34,318.2
EVT-0050-SKU-014,2026-05-19,SKU-014,WH-002,DELIVERY,39,185.58
REC-0050-SKU-014,2026-05-19,SKU-014,WH-002,RECEIPT,113,322.57
EVT-0050-SKU-015,2026-05-19,SKU-015,WH-002,DELIVERY,23,122.76
EVT-0050-SKU-016,2026-05-19,SKU-016,WH-003,DELIVERY,37,129.04
EVT-0050-SKU-017,2026-05-19,SKU-017,WH-001,DELIVERY,19,135.37
EVT-0050-SKU-018,2026-05-19,SKU-018,WH-002,DELIVERY,44,200.84
EVT-0050-SKU-019,2026-05-19,SKU-019,WH-001,DELIVERY,28,71.2
EVT-0050-SKU-020,2026-05-19,SKU-020,WH-003,DELIVERY,25,392.83
EVT-0051-SKU-001,2026-05-20,SKU-001,WH-003,DELIVERY,33,481.65
EVT-0051-SKU-002,2026-05-20,SKU-002,WH-001,DELIVERY,50,195.45
EVT-0051-SKU-003,2026-05-20,SKU-003,WH-002,DELIVERY,45,328.51
EVT-0051-SKU-004,2026-05-20,SKU-004,WH-002,DELIVERY,23,230.42
EVT-0051-SKU-005,2026-05-20,SKU-005,WH-003,DELIVERY,34,286.51
EVT-0051-SKU-006,2026-05-20,SKU-006,WH-003,DELIVERY,58,407.79
EVT-0051-SKU-007,2026-05-20,SKU-007,WH-001,DELIVERY,49,492.46
EVT-0051-SKU-008,2026-05-20,SKU-008,WH-003,DELIVERY,38,126.19
EVT-0051-SKU-009,2026-05-20,SKU-009,WH-002,DELIVERY,37,230.38
EVT-0051-SKU-010,2026-05-20,SKU-010,WH-001,DELIVERY,29,421.55
EVT-0051-SKU-011,2026-05-20,SKU-011,WH-001,DELIVERY,32,57.2
EVT-0051-SKU-012,2026-05-20,SKU-012,WH-001,DELIVERY,38,51.47
EVT-0051-SKU-013,2026-05-20,SKU-013,WH-003,DELIVERY,46,441.98
EVT-0051-SKU-014,2026-05-20,SKU-014,WH-002,DELIVERY,49,441.03
EVT-0051-SKU-015,2026-05-20,SKU-015,WH-001,DELIVERY,37,280.28
EVT-0051-SKU-016,2026-05-20,SKU-016,WH-002,DELIVERY,26,356.04
EVT-0051-SKU-017,2026-05-20,SKU-017,WH-002,DELIVERY,36,343.13
EVT-0051-SKU-018,2026-05-20,SKU-018,WH-001,DELIVERY,40,183.59
EVT-0051-SKU-019,2026-05-20,SKU-019,WH-002,DELIVERY,43,395.48
EVT-0051-SKU-020,2026-05-20,SKU-020,WH-002,DELIVERY,49,165.87
EVT-0052-SKU-001,2026-05-21,SKU-001,WH-003,DELIVERY,34,292.71
EVT-0052-SKU-002,2026-05-21,SKU-002,WH-001,DELIVERY,37,409.84
EVT-0052-SKU-003,2026-05-21,SKU-003,WH-001,DELIVERY,54,244.08
EVT-0052-SKU-004,2026-05-21,SKU-004,WH-001,DELIVERY,47,350.73
EVT-0052-SKU-005,2026-05-21,SKU-005,WH-002,DELIVERY,51,314.22
EVT-0052-SKU-006,2026-05-21,SKU-006,WH-003,DELIVERY,44,192.87
EVT-0052-SKU-007,2026-05-21,SKU-007,WH-003,DELIVERY,41,464.48
EVT-0052-SKU-008,2026-05-21,SKU-008,WH-003,DELIVERY,18,413.91
EVT-0052-SKU-009,2026-05-21,SKU-009,WH-001,DELIVERY,22,254.08
EVT-0052-SKU-010,2026-05-21,SKU-010,WH-001,DELIVERY,45,452.02
EVT-0052-SKU-011,2026-05-21,SKU-011,WH-002,DELIVERY,25,402.84
EVT-0052-SKU-012,2026-05-21,SKU-012,WH-002,DELIVERY,51,70.07
EVT-0052-SKU-013,2026-05-21,SKU-013,WH-002,DELIVERY,17,200.36
EVT-0052-SKU-014,2026-05-21,SKU-014,WH-003,DELIVERY,43,416.07
EVT-0052-SKU-015,2026-05-21,SKU-015,WH-002,DELIVERY,35,252.05
EVT-0052-SKU-016,2026-05-21,SKU-016,WH-001,DELIVERY,38,292.06
EVT-0052-SKU-017,2026-05-21,SKU-017,WH-002,DELIVERY,47,238.33
EVT-0052-SKU-018,2026-05-21,SKU-018,WH-003,DELIVERY,43,290.48
EVT-0052-SKU-019,2026-05-21,SKU-019,WH-001,DELIVERY,37,304.13
EVT-0052-SKU-020,2026-05-21,SKU-020,WH-001,DELIVERY,35,252.94
EVT-0053-SKU-001,2026-05-22,SKU-001,WH-002,DELIVERY,53,90.02
EVT-0053-SKU-002,2026-05-22,SKU-002,WH-002,DELIVERY,66,343.68
EVT-0053-SKU-003,2026-05-22,SKU-003,WH-001,DELIVERY,50,332.62
EVT-0053-SKU-004,2026-05-22,SKU-004,WH-001,DELIVERY,17,248.37
EVT-0053-SKU-005,2026-05-22,SKU-005,WH-002,DELIVERY,30,443.62
EVT-0053-SKU-006,2026-05-22,SKU-006,WH-003,DELIVERY,31,352.6
EVT-0053-SKU-007,2026-05-22,SKU-007,WH-003,DELIVERY,50,43.73
EVT-0053-SKU-008,2026-05-22,SKU-008,WH-001,DELIVERY,38,68.71
EVT-0053-SKU-009,2026-05-22,SKU-009,WH-001,DELIVERY,33,436.17
EVT-0053-SKU-010,2026-05-22,SKU-010,WH-001,DELIVERY,18,311.48
EVT-0053-SKU-011,2026-05-22,SKU-011,WH-003,DELIVERY,31,344.74
EVT-0053-SKU-012,2026-05-22,SKU-012,WH-001,DELIVERY,47,216.91
EVT-0053-SKU-013,2026-05-22,SKU-013,WH-002,DELIVERY,63,101.77
EVT-0053-SKU-014,2026-05-22,SKU-014,WH-003,DELIVERY,444,342.65
EVT-0053-SKU-015,2026-05-22,SKU-015,WH-001,DELIVERY,54,451.05
EVT-0053-SKU-016,2026-05-22,SKU-016,WH-003,DELIVERY,56,274.33
EVT-0053-SKU-017,2026-05-22,SKU-017,WH-002,DELIVERY,35,305.85
EVT-0053-SKU-018,2026-05-22,SKU-018,WH-003,DELIVERY,46,228.99
EVT-0053-SKU-019,2026-05-22,SKU-019,WH-001,DELIVERY,55,92.06
EVT-0053-SKU-020,2026-05-22,SKU-020,WH-003,DELIVERY,37,375.89
EVT-0054-SKU-001,2026-05-23,SKU-001,WH-002,DELIVERY,25,152.81
REC-0054-SKU-001,2026-05-23,SKU-001,WH-002,RECEIPT,242,288.03
EVT-0054-SKU-002,2026-05-23,SKU-002,WH-003,DELIVERY,38,64.28
EVT-0054-SKU-003,2026-05-23,SKU-003,WH-003,DELIVERY,42,255.85
EVT-0054-SKU-004,2026-05-23,SKU-004,WH-002,DELIVERY,26,489.77
REC-0054-SKU-004,2026-05-23,SKU-004,WH-002,RECEIPT,154,117.05
EVT-0054-SKU-005,2026-05-23,SKU-005,WH-003,DELIVERY,57,299.3
EVT-0054-SKU-006,2026-05-23,SKU-006,WH-003,DELIVERY,30,117.78
EVT-0054-SKU-007,2026-05-23,SKU-007,WH-003,DELIVERY,61,171.94
REC-0054-SKU-007,2026-05-23,SKU-007,WH-003,RECEIPT,112,272.57
EVT-0054-SKU-008,2026-05-23,SKU-008,WH-002,DELIVERY,38,323.27
REC-0054-SKU-008,2026-05-23,SKU-008,WH-002,RECEIPT,145,46.53
EVT-0054-SKU-009,2026-05-23,SKU-009,WH-001,DELIVERY,19,343.21
EVT-0054-SKU-010,2026-05-23,SKU-010,WH-001,DELIVERY,24,362.36
EVT-0054-SKU-011,2026-05-23,SKU-011,WH-001,DELIVERY,47,78.82
EVT-0054-SKU-012,2026-05-23,SKU-012,WH-003,DELIVERY,17,110.91
EVT-0054-SKU-013,2026-05-23,SKU-013,WH-002,DELIVERY,41,333.28
EVT-0054-SKU-014,2026-05-23,SKU-014,WH-003,DELIVERY,31,198.73
REC-0054-SKU-014,2026-05-23,SKU-014,WH-003,RECEIPT,109,64.16
EVT-0054-SKU-015,2026-05-23,SKU-015,WH-002,DELIVERY,31,386.12
EVT-0054-SKU-016,2026-05-23,SKU-016,WH-002,DELIVERY,46,219.43
REC-0054-SKU-016,2026-05-23,SKU-016,WH-002,RECEIPT,117,284.0
EVT-0054-SKU-017,2026-05-23,SKU-017,WH-002,DELIVERY,67,352.11
EVT-0054-SKU-018,2026-05-23,SKU-018,WH-001,DELIVERY,42,333.22
EVT-0054-SKU-019,2026-05-23,SKU-019,WH-003,DELIVERY,60,162.86
REC-0054-SKU-019,2026-05-23,SKU-019,WH-003,RECEIPT,145,341.0
EVT-0054-SKU-020,2026-05-23,SKU-020,WH-002,DELIVERY,28,350.63
EVT-0055-SKU-001,2026-05-24,SKU-001,WH-003,DELIVERY,30,351.75
EVT-0055-SKU-002,2026-05-24,SKU-002,WH-002,DELIVERY,21,349.49
EVT-0055-SKU-003,2026-05-24,SKU-003,WH-001,DELIVERY,27,201.7
EVT-0055-SKU-004,2026-05-24,SKU-004,WH-002,DELIVERY,47,50.9
EVT-0055-SKU-005,2026-05-24,SKU-005,WH-001,DELIVERY,56,477.22
EVT-0055-SKU-006,2026-05-24,SKU-006,WH-003,DELIVERY,33,79.74
EVT-0055-SKU-007,2026-05-24,SKU-007,WH-002,DELIVERY,25,484.9
EVT-0055-SKU-008,2026-05-24,SKU-008,WH-003,DELIVERY,18,175.5
EVT-0055-SKU-009,2026-05-24,SKU-009,WH-003,DELIVERY,2,358.42
EVT-0055-SKU-010,2026-05-24,SKU-010,WH-002,DELIVERY,51,74.04
REC-0055-SKU-010,2026-05-24,SKU-010,WH-002,RECEIPT,177,218.75
EVT-0055-SKU-011,2026-05-24,SKU-011,WH-001,DELIVERY,38,71.92
EVT-0055-SKU-012,2026-05-24,SKU-012,WH-003,DELIVERY,61,336.92
EVT-0055-SKU-013,2026-05-24,SKU-013,WH-001,DELIVERY,27,88.87
EVT-0055-SKU-014,2026-05-24,SKU-014,WH-003,DELIVERY,36,56.04
EVT-0055-SKU-015,2026-05-24,SKU-015,WH-003,DELIVERY,222,108.47
REC-0055-SKU-015,2026-05-24,SKU-015,WH-003,RECEIPT,89,345.72
EVT-0055-SKU-016,2026-05-24,SKU-016,WH-002,DELIVERY,19,191.72
REC-0055-SKU-016,2026-05-24,SKU-016,WH-002,RECEIPT,227,41.7
EVT-0055-SKU-017,2026-05-24,SKU-017,WH-003,DELIVERY,52,428.26
EVT-0055-SKU-018,2026-05-24,SKU-018,WH-003,DELIVERY,34,216.83
EVT-0055-SKU-019,2026-05-24,SKU-019,WH-001,DELIVERY,14,353.64
REC-0055-SKU-019,2026-05-24,SKU-019,WH-001,RECEIPT,94,330.85
EVT-0055-SKU-020,2026-05-24,SKU-020,WH-003,DELIVERY,28,285.93
EVT-0056-SKU-001,2026-05-25,SKU-001,WH-001,DELIVERY,50,133.44
EVT-0056-SKU-002,2026-05-25,SKU-002,WH-002,DELIVERY,22,177.48
EVT-0056-SKU-003,2026-05-25,SKU-003,WH-001,DELIVERY,32,331.08
REC-0056-SKU-003,2026-05-25,SKU-003,WH-001,RECEIPT,115,56.42
EVT-0056-SKU-004,2026-05-25,SKU-004,WH-001,DELIVERY,31,312.75
EVT-0056-SKU-005,2026-05-25,SKU-005,WH-002,DELIVERY,53,285.61
EVT-0056-SKU-006,2026-05-25,SKU-006,WH-001,DELIVERY,45,65.79
EVT-0056-SKU-007,2026-05-25,SKU-007,WH-002,DELIVERY,56,250.85
REC-0056-SKU-007,2026-05-25,SKU-007,WH-002,RECEIPT,228,147.17
EVT-0056-SKU-008,2026-05-25,SKU-008,WH-001,DELIVERY,54,105.13
EVT-0056-SKU-009,2026-05-25,SKU-009,WH-002,DELIVERY,53,338.44
EVT-0056-SKU-010,2026-05-25,SKU-010,WH-001,DELIVERY,30,456.14
EVT-0056-SKU-011,2026-05-25,SKU-011,WH-002,DELIVERY,22,416.04
EVT-0056-SKU-012,2026-05-25,SKU-012,WH-002,DELIVERY,25,323.19
EVT-0056-SKU-013,2026-05-25,SKU-013,WH-001,DELIVERY,20,352.06
EVT-0056-SKU-014,2026-05-25,SKU-014,WH-001,DELIVERY,49,304.94
REC-0056-SKU-014,2026-05-25,SKU-014,WH-001,RECEIPT,162,424.76
EVT-0056-SKU-015,2026-05-25,SKU-015,WH-001,DELIVERY,41,95.54
REC-0056-SKU-015,2026-05-25,SKU-015,WH-001,RECEIPT,186,117.3
EVT-0056-SKU-016,2026-05-25,SKU-016,WH-002,DELIVERY,23,241.78
EVT-0056-SKU-017,2026-05-25,SKU-017,WH-001,DELIVERY,58,397.72
EVT-0056-SKU-018,2026-05-25,SKU-018,WH-002,DELIVERY,53,43.32
EVT-0056-SKU-019,2026-05-25,SKU-019,WH-003,DELIVERY,25,411.41
EVT-0056-SKU-020,2026-05-25,SKU-020,WH-003,DELIVERY,19,105.82
EVT-0057-SKU-001,2026-05-26,SKU-001,WH-003,DELIVERY,31,358.17
EVT-0057-SKU-002,2026-05-26,SKU-002,WH-003,DELIVERY,42,477.14
EVT-0057-SKU-003,2026-05-26,SKU-003,WH-002,DELIVERY,26,493.84
EVT-0057-SKU-004,2026-05-26,SKU-004,WH-003,DELIVERY,47,390.12
EVT-0057-SKU-005,2026-05-26,SKU-005,WH-002,DELIVERY,42,129.11
EVT-0057-SKU-006,2026-05-26,SKU-006,WH-003,DELIVERY,22,459.28
EVT-0057-SKU-007,2026-05-26,SKU-007,WH-001,DELIVERY,54,207.53
EVT-0057-SKU-008,2026-05-26,SKU-008,WH-002,DELIVERY,62,323.74
EVT-0057-SKU-009,2026-05-26,SKU-009,WH-001,DELIVERY,43,112.7
EVT-0057-SKU-010,2026-05-26,SKU-010,WH-002,DELIVERY,42,72.6
EVT-0057-SKU-011,2026-05-26,SKU-011,WH-003,DELIVERY,25,383.66
EVT-0057-SKU-012,2026-05-26,SKU-012,WH-001,DELIVERY,45,190.02
EVT-0057-SKU-013,2026-05-26,SKU-013,WH-001,DELIVERY,38,141.5
EVT-0057-SKU-014,2026-05-26,SKU-014,WH-003,DELIVERY,15,449.62
EVT-0057-SKU-015,2026-05-26,SKU-015,WH-001,DELIVERY,51,102.75
EVT-0057-SKU-016,2026-05-26,SKU-016,WH-003,DELIVERY,34,164.06
EVT-0057-SKU-017,2026-05-26,SKU-017,WH-001,DELIVERY,55,91.11
EVT-0057-SKU-018,2026-05-26,SKU-018,WH-002,DELIVERY,43,389.76
EVT-0057-SKU-019,2026-05-26,SKU-019,WH-002,DELIVERY,23,321.3
EVT-0057-SKU-020,2026-05-26,SKU-020,WH-003,DELIVERY,27,433.3
EVT-0058-SKU-001,2026-05-27,SKU-001,WH-002,DELIVERY,48,312.13
EVT-0058-SKU-002,2026-05-27,SKU-002,WH-002,DELIVERY,174,378.64
EVT-0058-SKU-003,2026-05-27,SKU-003,WH-001,DELIVERY,32,312.21
EVT-0058-SKU-004,2026-05-27,SKU-004,WH-003,DELIVERY,53,232.18
EVT-0058-SKU-005,2026-05-27,SKU-005,WH-001,DELIVERY,59,235.82
EVT-0058-SKU-006,2026-05-27,SKU-006,WH-002,DELIVERY,38,360.46
EVT-0058-SKU-007,2026-05-27,SKU-007,WH-002,DELIVERY,35,358.85
EVT-0058-SKU-008,2026-05-27,SKU-008,WH-001,DELIVERY,40,176.06
EVT-0058-SKU-009,2026-05-27,SKU-009,WH-001,DELIVERY,29,434.64
EVT-0058-SKU-010,2026-05-27,SKU-010,WH-002,DELIVERY,41,103.77
EVT-0058-SKU-011,2026-05-27,SKU-011,WH-001,DELIVERY,42,331.37
EVT-0058-SKU-012,2026-05-27,SKU-012,WH-002,DELIVERY,28,193.14
EVT-0058-SKU-013,2026-05-27,SKU-013,WH-002,DELIVERY,31,289.52
EVT-0058-SKU-014,2026-05-27,SKU-014,WH-003,DELIVERY,44,445.19
EVT-0058-SKU-015,2026-05-27,SKU-015,WH-003,DELIVERY,56,91.04
EVT-0058-SKU-016,2026-05-27,SKU-016,WH-002,DELIVERY,33,208.16
EVT-0058-SKU-017,2026-05-27,SKU-017,WH-003,DELIVERY,35,134.17
EVT-0058-SKU-018,2026-05-27,SKU-018,WH-001,DELIVERY,38,338.56
EVT-0058-SKU-019,2026-05-27,SKU-019,WH-003,DELIVERY,40,271.64
EVT-0058-SKU-020,2026-05-27,SKU-020,WH-002,DELIVERY,29,211.49
EVT-0059-SKU-001,2026-05-28,SKU-001,WH-002,DELIVERY,17,284.68
EVT-0059-SKU-002,2026-05-28,SKU-002,WH-002,DELIVERY,39,407.96
EVT-0059-SKU-003,2026-05-28,SKU-003,WH-001,DELIVERY,50,453.06
EVT-0059-SKU-004,2026-05-28,SKU-004,WH-001,DELIVERY,31,166.93
EVT-0059-SKU-005,2026-05-28,SKU-005,WH-002,DELIVERY,44,50.44
EVT-0059-SKU-006,2026-05-28,SKU-006,WH-003,DELIVERY,46,100.73
EVT-0059-SKU-007,2026-05-28,SKU-007,WH-002,DELIVERY,23,68.96
EVT-0059-SKU-008,2026-05-28,SKU-008,WH-003,DELIVERY,45,229.38
EVT-0059-SKU-009,2026-05-28,SKU-009,WH-003,DELIVERY,33,360.56
EVT-0059-SKU-010,2026-05-28,SKU-010,WH-002,DELIVERY,31,100.7
EVT-0059-SKU-011,2026-05-28,SKU-011,WH-001,DELIVERY,42,172.55
EVT-0059-SKU-012,2026-05-28,SKU-012,WH-001,DELIVERY,31,249.73
EVT-0059-SKU-013,2026-05-28,SKU-013,WH-003,DELIVERY,56,487.67
EVT-0059-SKU-014,2026-05-28,SKU-014,WH-001,DELIVERY,31,58.93
EVT-0059-SKU-015,2026-05-28,SKU-015,WH-003,DELIVERY,46,298.74
EVT-0059-SKU-016,2026-05-28,SKU-016,WH-003,DELIVERY,46,198.17
EVT-0059-SKU-017,2026-05-28,SKU-017,WH-002,DELIVERY,33,463.4
EVT-0059-SKU-018,2026-05-28,SKU-018,WH-002,DELIVERY,38,475.98
EVT-0059-SKU-019,2026-05-28,SKU-019,WH-001,DELIVERY,59,192.39
EVT-0059-SKU-020,2026-05-28,SKU-020,WH-002,DELIVERY,40,486.02
EVT-0060-SKU-001,2026-05-29,SKU-001,WH-003,DELIVERY,36,91.67
REC-0060-SKU-001,2026-05-29,SKU-001,WH-003,RECEIPT,90,104.13
EVT-0060-SKU-002,2026-05-29,SKU-002,WH-003,DELIVERY,13,51.41
EVT-0060-SKU-003,2026-05-29,SKU-003,WH-002,DELIVERY,33,129.77
EVT-0060-SKU-004,2026-05-29,SKU-004,WH-002,DELIVERY,48,78.45
REC-0060-SKU-004,2026-05-29,SKU-004,WH-002,RECEIPT,102,488.89
EVT-0060-SKU-005,2026-05-29,SKU-005,WH-002,DELIVERY,43,473.96
REC-0060-SKU-005,2026-05-29,SKU-005,WH-002,RECEIPT,181,108.06
EVT-0060-SKU-006,2026-05-29,SKU-006,WH-002,DELIVERY,49,211.5
EVT-0060-SKU-007,2026-05-29,SKU-007,WH-002,DELIVERY,20,80.3
REC-0060-SKU-007,2026-05-29,SKU-007,WH-002,RECEIPT,186,409.7
EVT-0060-SKU-008,2026-05-29,SKU-008,WH-002,DELIVERY,66,374.88
EVT-0060-SKU-009,2026-05-29,SKU-009,WH-003,DELIVERY,45,79.6
EVT-0060-SKU-010,2026-05-29,SKU-010,WH-002,DELIVERY,36,439.06
REC-0060-SKU-010,2026-05-29,SKU-010,WH-002,RECEIPT,96,469.25
EVT-0060-SKU-011,2026-05-29,SKU-011,WH-003,DELIVERY,40,460.63
EVT-0060-SKU-012,2026-05-29,SKU-012,WH-001,DELIVERY,34,366.71
EVT-0060-SKU-013,2026-05-29,SKU-013,WH-001,DELIVERY,44,59.43
EVT-0060-SKU-014,2026-05-29,SKU-014,WH-003,DELIVERY,50,297.27
REC-0060-SKU-014,2026-05-29,SKU-014,WH-003,RECEIPT,137,52.35
EVT-0060-SKU-015,2026-05-29,SKU-015,WH-001,DELIVERY,45,332.82
REC-0060-SKU-015,2026-05-29,SKU-015,WH-001,RECEIPT,247,346.32
EVT-0060-SKU-016,2026-05-29,SKU-016,WH-002,DELIVERY,48,266.27
EVT-0060-SKU-017,2026-05-29,SKU-017,WH-001,DELIVERY,47,70.69
REC-0060-SKU-017,2026-05-29,SKU-017,WH-001,RECEIPT,228,261.02
EVT-0060-SKU-018,2026-05-29,SKU-018,WH-002,DELIVERY,46,328.88
REC-0060-SKU-018,2026-05-29,SKU-018,WH-002,RECEIPT,110,211.67
EVT-0060-SKU-019,2026-05-29,SKU-019,WH-003,DELIVERY,19,66.91
REC-0060-SKU-019,2026-05-29,SKU-019,WH-003,RECEIPT,198,444.03
EVT-0060-SKU-020,2026-05-29,SKU-020,WH-001,DELIVERY,29,64.33
REC-0060-SKU-020,2026-05-29,SKU-020,WH-001,RECEIPT,187,332.67
EVT-0061-SKU-001,2026-05-30,SKU-001,WH-002,DELIVERY,49,75.34
EVT-0061-SKU-002,2026-05-30,SKU-002,WH-003,DELIVERY,43,83.47
EVT-0061-SKU-003,2026-05-30,SKU-003,WH-003,DELIVERY,35,407.94
EVT-0061-SKU-004,2026-05-30,SKU-004,WH-003,DELIVERY,49,206.76
EVT-0061-SKU-005,2026-05-30,SKU-005,WH-001,DELIVERY,54,263.05
EVT-0061-SKU-006,2026-05-30,SKU-006,WH-001,DELIVERY,41,111.1
EVT-0061-SKU-007,2026-05-30,SKU-007,WH-001,DELIVERY,44,478.15
EVT-0061-SKU-008,2026-05-30,SKU-008,WH-002,DELIVERY,25,75.14
EVT-0061-SKU-009,2026-05-30,SKU-009,WH-001,DELIVERY,29,415.84
EVT-0061-SKU-010,2026-05-30,SKU-010,WH-001,DELIVERY,41,53.23
EVT-0061-SKU-011,2026-05-30,SKU-011,WH-001,DELIVERY,52,181.42
EVT-0061-SKU-012,2026-05-30,SKU-012,WH-001,DELIVERY,53,235.41
EVT-0061-SKU-013,2026-05-30,SKU-013,WH-001,DELIVERY,53,130.32
EVT-0061-SKU-014,2026-05-30,SKU-014,WH-003,DELIVERY,41,67.26
EVT-0061-SKU-015,2026-05-30,SKU-015,WH-002,DELIVERY,147,399.89
EVT-0061-SKU-016,2026-05-30,SKU-016,WH-003,DELIVERY,42,125.0
EVT-0061-SKU-017,2026-05-30,SKU-017,WH-001,DELIVERY,59,476.44
EVT-0061-SKU-018,2026-05-30,SKU-018,WH-002,DELIVERY,52,270.29
EVT-0061-SKU-019,2026-05-30,SKU-019,WH-003,DELIVERY,35,46.43
EVT-0061-SKU-020,2026-05-30,SKU-020,WH-003,DELIVERY,37,169.65
EVT-0062-SKU-001,2026-05-31,SKU-001,WH-003,DELIVERY,46,365.57
EVT-0062-SKU-002,2026-05-31,SKU-002,WH-003,DELIVERY,44,242.25
EVT-0062-SKU-003,2026-05-31,SKU-003,WH-001,DELIVERY,57,276.56
EVT-0062-SKU-004,2026-05-31,SKU-004,WH-001,DELIVERY,10,184.57
EVT-0062-SKU-005,2026-05-31,SKU-005,WH-001,DELIVERY,26,172.6
EVT-0062-SKU-006,2026-05-31,SKU-006,WH-001,DELIVERY,38,93.23
EVT-0062-SKU-007,2026-05-31,SKU-007,WH-002,DELIVERY,31,244.22
EVT-0062-SKU-008,2026-05-31,SKU-008,WH-002,DELIVERY,33,236.86
EVT-0062-SKU-009,2026-05-31,SKU-009,WH-002,DELIVERY,300,349.16
EVT-0062-SKU-010,2026-05-31,SKU-010,WH-002,DELIVERY,35,351.2
EVT-0062-SKU-011,2026-05-31,SKU-011,WH-001,DELIVERY,25,381.06
EVT-0062-SKU-012,2026-05-31,SKU-012,WH-001,DELIVERY,51,131.58
EVT-0062-SKU-013,2026-05-31,SKU-013,WH-003,DELIVERY,46,235.36
EVT-0062-SKU-014,2026-05-31,SKU-014,WH-002,DELIVERY,29,392.35
EVT-0062-SKU-015,2026-05-31,SKU-015,WH-003,DELIVERY,50,477.06
EVT-0062-SKU-016,2026-05-31,SKU-016,WH-003,DELIVERY,36,393.28
EVT-0062-SKU-017,2026-05-31,SKU-017,WH-001,DELIVERY,39,101.92
EVT-0062-SKU-018,2026-05-31,SKU-018,WH-003,DELIVERY,54,71.39
EVT-0062-SKU-019,2026-05-31,SKU-019,WH-001,DELIVERY,26,326.1
EVT-0062-SKU-020,2026-05-31,SKU-020,WH-001,DELIVERY,52,279.18
EVT-0063-SKU-001,2026-06-01,SKU-001,WH-002,DELIVERY,45,160.37
EVT-0063-SKU-002,2026-06-01,SKU-002,WH-003,DELIVERY,56,478.19
EVT-0063-SKU-003,2026-06-01,SKU-003,WH-002,DELIVERY,44,432.32
EVT-0063-SKU-004,2026-06-01,SKU-004,WH-002,DELIVERY,35,121.36
REC-0063-SKU-004,2026-06-01,SKU-004,WH-002,RECEIPT,122,266.08
EVT-0063-SKU-005,2026-06-01,SKU-005,WH-001,DELIVERY,35,301.67
EVT-0063-SKU-006,2026-06-01,SKU-006,WH-003,DELIVERY,51,288.12
EVT-0063-SKU-007,2026-06-01,SKU-007,WH-002,DELIVERY,33,161.16
EVT-0063-SKU-008,2026-06-01,SKU-008,WH-003,DELIVERY,37,392.58
REC-0063-SKU-008,2026-06-01,SKU-008,WH-003,RECEIPT,162,68.26
EVT-0063-SKU-009,2026-06-01,SKU-009,WH-003,DELIVERY,61,381.35
EVT-0063-SKU-010,2026-06-01,SKU-010,WH-003,DELIVERY,46,84.78
EVT-0063-SKU-011,2026-06-01,SKU-011,WH-002,DELIVERY,36,147.93
REC-0063-SKU-011,2026-06-01,SKU-011,WH-002,RECEIPT,231,79.07
EVT-0063-SKU-012,2026-06-01,SKU-012,WH-003,DELIVERY,42,180.26
EVT-0063-SKU-013,2026-06-01,SKU-013,WH-001,DELIVERY,50,437.15
EVT-0063-SKU-014,2026-06-01,SKU-014,WH-002,DELIVERY,41,256.06
EVT-0063-SKU-015,2026-06-01,SKU-015,WH-002,DELIVERY,31,411.83
EVT-0063-SKU-016,2026-06-01,SKU-016,WH-003,DELIVERY,48,194.55
EVT-0063-SKU-017,2026-06-01,SKU-017,WH-001,DELIVERY,31,268.6
EVT-0063-SKU-018,2026-06-01,SKU-018,WH-003,DELIVERY,32,161.97
REC-0063-SKU-018,2026-06-01,SKU-018,WH-003,RECEIPT,226,224.93
EVT-0063-SKU-019,2026-06-01,SKU-019,WH-001,DELIVERY,18,305.97
EVT-0063-SKU-020,2026-06-01,SKU-020,WH-002,DELIVERY,18,408.55
EVT-0064-SKU-001,2026-06-02,SKU-001,WH-002,DELIVERY,45,178.85
EVT-0064-SKU-002,2026-06-02,SKU-002,WH-002,DELIVERY,60,184.14
EVT-0064-SKU-003,2026-06-02,SKU-003,WH-002,DELIVERY,39,291.88
EVT-0064-SKU-004,2026-06-02,SKU-004,WH-003,DELIVERY,54,436.85
EVT-0064-SKU-005,2026-06-02,SKU-005,WH-001,DELIVERY,28,163.25
EVT-0064-SKU-006,2026-06-02,SKU-006,WH-003,DELIVERY,21,67.55
REC-0064-SKU-006,2026-06-02,SKU-006,WH-003,RECEIPT,173,252.74
EVT-0064-SKU-007,2026-06-02,SKU-007,WH-001,DELIVERY,50,240.28
EVT-0064-SKU-008,2026-06-02,SKU-008,WH-001,DELIVERY,54,429.14
EVT-0064-SKU-009,2026-06-02,SKU-009,WH-002,DELIVERY,34,226.7
EVT-0064-SKU-010,2026-06-02,SKU-010,WH-001,DELIVERY,32,152.97
EVT-0064-SKU-011,2026-06-02,SKU-011,WH-002,DELIVERY,3,456.6
REC-0064-SKU-011,2026-06-02,SKU-011,WH-002,RECEIPT,120,165.45
EVT-0064-SKU-012,2026-06-02,SKU-012,WH-001,DELIVERY,43,409.63
EVT-0064-SKU-013,2026-06-02,SKU-013,WH-003,DELIVERY,58,49.16
EVT-0064-SKU-014,2026-06-02,SKU-014,WH-002,DELIVERY,15,438.9
EVT-0064-SKU-015,2026-06-02,SKU-015,WH-002,DELIVERY,28,426.31
EVT-0064-SKU-016,2026-06-02,SKU-016,WH-001,DELIVERY,17,377.86
EVT-0064-SKU-017,2026-06-02,SKU-017,WH-003,DELIVERY,31,281.62
EVT-0064-SKU-018,2026-06-02,SKU-018,WH-001,DELIVERY,26,96.25
EVT-0064-SKU-019,2026-06-02,SKU-019,WH-002,DELIVERY,49,382.22
EVT-0064-SKU-020,2026-06-02,SKU-020,WH-001,DELIVERY,22,120.57
EVT-0065-SKU-001,2026-06-03,SKU-001,WH-002,DELIVERY,19,285.4
EVT-0065-SKU-002,2026-06-03,SKU-002,WH-002,DELIVERY,53,258.43
EVT-0065-SKU-003,2026-06-03,SKU-003,WH-002,DELIVERY,60,369.21
EVT-0065-SKU-004,2026-06-03,SKU-004,WH-001,DELIVERY,20,456.41
REC-0065-SKU-004,2026-06-03,SKU-004,WH-001,RECEIPT,249,407.51
EVT-0065-SKU-005,2026-06-03,SKU-005,WH-001,DELIVERY,32,294.25
EVT-0065-SKU-006,2026-06-03,SKU-006,WH-003,DELIVERY,20,206.91
EVT-0065-SKU-007,2026-06-03,SKU-007,WH-003,DELIVERY,55,458.5
EVT-0065-SKU-008,2026-06-03,SKU-008,WH-002,DELIVERY,22,470.71
EVT-0065-SKU-009,2026-06-03,SKU-009,WH-002,DELIVERY,46,330.42
EVT-0065-SKU-010,2026-06-03,SKU-010,WH-001,DELIVERY,64,76.84
EVT-0065-SKU-011,2026-06-03,SKU-011,WH-002,DELIVERY,37,234.29
EVT-0065-SKU-012,2026-06-03,SKU-012,WH-001,DELIVERY,12,272.91
EVT-0065-SKU-013,2026-06-03,SKU-013,WH-002,DELIVERY,22,248.5
REC-0065-SKU-013,2026-06-03,SKU-013,WH-002,RECEIPT,93,335.03
EVT-0065-SKU-014,2026-06-03,SKU-014,WH-001,DELIVERY,26,403.87
EVT-0065-SKU-015,2026-06-03,SKU-015,WH-001,DELIVERY,26,77.83
EVT-0065-SKU-016,2026-06-03,SKU-016,WH-001,DELIVERY,49,486.05
EVT-0065-SKU-017,2026-06-03,SKU-017,WH-003,DELIVERY,31,260.05
EVT-0065-SKU-018,2026-06-03,SKU-018,WH-002,DELIVERY,20,312.79
EVT-0065-SKU-019,2026-06-03,SKU-019,WH-002,DELIVERY,43,443.14
EVT-0065-SKU-020,2026-06-03,SKU-020,WH-001,DELIVERY,51,464.63
EVT-0066-SKU-001,2026-06-04,SKU-001,WH-001,DELIVERY,47,117.63
REC-0066-SKU-001,2026-06-04,SKU-001,WH-001,RECEIPT,238,237.3
EVT-0066-SKU-002,2026-06-04,SKU-002,WH-002,DELIVERY,38,480.7
EVT-0066-SKU-003,2026-06-04,SKU-003,WH-003,DELIVERY,54,463.19
EVT-0066-SKU-004,2026-06-04,SKU-004,WH-003,DELIVERY,52,143.26
EVT-0066-SKU-005,2026-06-04,SKU-005,WH-001,DELIVERY,60,383.36
REC-0066-SKU-005,2026-06-04,SKU-005,WH-001,RECEIPT,113,238.4
EVT-0066-SKU-006,2026-06-04,SKU-006,WH-001,DELIVERY,32,497.8
EVT-0066-SKU-007,2026-06-04,SKU-007,WH-003,DELIVERY,34,107.13
EVT-0066-SKU-008,2026-06-04,SKU-008,WH-002,DELIVERY,28,247.45
EVT-0066-SKU-009,2026-06-04,SKU-009,WH-002,DELIVERY,24,255.69
EVT-0066-SKU-010,2026-06-04,SKU-010,WH-003,DELIVERY,31,137.62
REC-0066-SKU-010,2026-06-04,SKU-010,WH-003,RECEIPT,188,378.61
EVT-0066-SKU-011,2026-06-04,SKU-011,WH-002,DELIVERY,53,468.29
EVT-0066-SKU-012,2026-06-04,SKU-012,WH-002,DELIVERY,46,472.09
EVT-0066-SKU-013,2026-06-04,SKU-013,WH-001,DELIVERY,39,221.56
EVT-0066-SKU-014,2026-06-04,SKU-014,WH-001,DELIVERY,56,297.4
EVT-0066-SKU-015,2026-06-04,SKU-015,WH-002,DELIVERY,46,255.32
REC-0066-SKU-015,2026-06-04,SKU-015,WH-002,RECEIPT,161,366.72
EVT-0066-SKU-016,2026-06-04,SKU-016,WH-002,DELIVERY,52,93.75
EVT-0066-SKU-017,2026-06-04,SKU-017,WH-001,DELIVERY,7,205.87
REC-0066-SKU-017,2026-06-04,SKU-017,WH-001,RECEIPT,152,455.28
EVT-0066-SKU-018,2026-06-04,SKU-018,WH-002,DELIVERY,40,390.32
EVT-0066-SKU-019,2026-06-04,SKU-019,WH-003,DELIVERY,30,497.5
EVT-0066-SKU-020,2026-06-04,SKU-020,WH-003,DELIVERY,63,342.41
EVT-0067-SKU-001,2026-06-05,SKU-001,WH-001,DELIVERY,41,256.31
EVT-0067-SKU-002,2026-06-05,SKU-002,WH-003,DELIVERY,43,93.37
EVT-0067-SKU-003,2026-06-05,SKU-003,WH-001,DELIVERY,6,250.57
EVT-0067-SKU-004,2026-06-05,SKU-004,WH-003,DELIVERY,52,96.88
EVT-0067-SKU-005,2026-06-05,SKU-005,WH-001,DELIVERY,45,274.02
EVT-0067-SKU-006,2026-06-05,SKU-006,WH-003,DELIVERY,34,309.41
EVT-0067-SKU-007,2026-06-05,SKU-007,WH-003,DELIVERY,40,153.23
EVT-0067-SKU-008,2026-06-05,SKU-008,WH-003,DELIVERY,32,191.18
EVT-0067-SKU-009,2026-06-05,SKU-009,WH-003,DELIVERY,46,467.41
EVT-0067-SKU-010,2026-06-05,SKU-010,WH-002,DELIVERY,39,77.29
EVT-0067-SKU-011,2026-06-05,SKU-011,WH-002,DELIVERY,33,191.54
EVT-0067-SKU-012,2026-06-05,SKU-012,WH-003,DELIVERY,33,248.43
EVT-0067-SKU-013,2026-06-05,SKU-013,WH-001,DELIVERY,54,407.15
EVT-0067-SKU-014,2026-06-05,SKU-014,WH-003,DELIVERY,23,215.44
EVT-0067-SKU-015,2026-06-05,SKU-015,WH-002,DELIVERY,53,81.03
EVT-0067-SKU-016,2026-06-05,SKU-016,WH-001,DELIVERY,67,225.1
EVT-0067-SKU-017,2026-06-05,SKU-017,WH-001,DELIVERY,33,463.98
EVT-0067-SKU-018,2026-06-05,SKU-018,WH-002,DELIVERY,60,422.74
EVT-0067-SKU-019,2026-06-05,SKU-019,WH-002,DELIVERY,28,316.16
EVT-0067-SKU-020,2026-06-05,SKU-020,WH-002,DELIVERY,43,322.38
EVT-0068-SKU-001,2026-06-06,SKU-001,WH-003,DELIVERY,36,253.22
EVT-0068-SKU-002,2026-06-06,SKU-002,WH-003,DELIVERY,41,111.33
EVT-0068-SKU-003,2026-06-06,SKU-003,WH-003,DELIVERY,29,241.18
EVT-0068-SKU-004,2026-06-06,SKU-004,WH-002,DELIVERY,29,98.78
EVT-0068-SKU-005,2026-06-06,SKU-005,WH-001,DELIVERY,30,75.2
EVT-0068-SKU-006,2026-06-06,SKU-006,WH-003,DELIVERY,38,235.46
EVT-0068-SKU-007,2026-06-06,SKU-007,WH-002,DELIVERY,31,157.24
EVT-0068-SKU-008,2026-06-06,SKU-008,WH-003,DELIVERY,156,122.59
EVT-0068-SKU-009,2026-06-06,SKU-009,WH-002,DELIVERY,51,184.42
EVT-0068-SKU-010,2026-06-06,SKU-010,WH-003,DELIVERY,43,411.6
EVT-0068-SKU-011,2026-06-06,SKU-011,WH-001,DELIVERY,41,159.29
EVT-0068-SKU-012,2026-06-06,SKU-012,WH-002,DELIVERY,44,42.69
EVT-0068-SKU-013,2026-06-06,SKU-013,WH-001,DELIVERY,46,439.64
EVT-0068-SKU-014,2026-06-06,SKU-014,WH-002,DELIVERY,52,488.0
EVT-0068-SKU-015,2026-06-06,SKU-015,WH-003,DELIVERY,31,179.22
EVT-0068-SKU-016,2026-06-06,SKU-016,WH-001,DELIVERY,69,415.35
EVT-0068-SKU-017,2026-06-06,SKU-017,WH-001,DELIVERY,44,240.46
EVT-0068-SKU-018,2026-06-06,SKU-018,WH-001,DELIVERY,56,253.18
EVT-0068-SKU-019,2026-06-06,SKU-019,WH-002,DELIVERY,47,363.2
EVT-0068-SKU-020,2026-06-06,SKU-020,WH-002,DELIVERY,240,309.2
EVT-0069-SKU-001,2026-06-07,SKU-001,WH-002,DELIVERY,19,43.62
EVT-0069-SKU-002,2026-06-07,SKU-002,WH-002,DELIVERY,30,379.06
EVT-0069-SKU-003,2026-06-07,SKU-003,WH-001,DELIVERY,26,321.29
EVT-0069-SKU-004,2026-06-07,SKU-004,WH-001,DELIVERY,41,283.02
EVT-0069-SKU-005,2026-06-07,SKU-005,WH-003,DELIVERY,38,231.88
EVT-0069-SKU-006,2026-06-07,SKU-006,WH-001,DELIVERY,43,471.92
EVT-0069-SKU-007,2026-06-07,SKU-007,WH-002,DELIVERY,39,128.41
EVT-0069-SKU-008,2026-06-07,SKU-008,WH-002,DELIVERY,37,141.06
EVT-0069-SKU-009,2026-06-07,SKU-009,WH-003,DELIVERY,51,446.26
EVT-0069-SKU-010,2026-06-07,SKU-010,WH-002,DELIVERY,24,349.63
EVT-0069-SKU-011,2026-06-07,SKU-011,WH-002,DELIVERY,47,169.93
EVT-0069-SKU-012,2026-06-07,SKU-012,WH-003,DELIVERY,17,119.71
EVT-0069-SKU-013,2026-06-07,SKU-013,WH-003,DELIVERY,18,267.11
EVT-0069-SKU-014,2026-06-07,SKU-014,WH-001,DELIVERY,41,499.66
EVT-0069-SKU-015,2026-06-07,SKU-015,WH-002,DELIVERY,35,451.45
EVT-0069-SKU-016,2026-06-07,SKU-016,WH-001,DELIVERY,45,92.43
EVT-0069-SKU-017,2026-06-07,SKU-017,WH-001,DELIVERY,27,401.05
EVT-0069-SKU-018,2026-06-07,SKU-018,WH-003,DELIVERY,34,109.54
EVT-0069-SKU-019,2026-06-07,SKU-019,WH-003,DELIVERY,67,482.82
EVT-0069-SKU-020,2026-06-07,SKU-020,WH-001,DELIVERY,49,320.44
EVT-0070-SKU-001,2026-06-08,SKU-001,WH-003,DELIVERY,45,440.6
REC-0070-SKU-001,2026-06-08,SKU-001,WH-003,RECEIPT,120,375.04
EVT-0070-SKU-002,2026-06-08,SKU-002,WH-003,DELIVERY,41,272.71
EVT-0070-SKU-003,2026-06-08,SKU-003,WH-001,DELIVERY,33,430.35
EVT-0070-SKU-004,2026-06-08,SKU-004,WH-002,DELIVERY,31,43.03
EVT-0070-SKU-005,2026-06-08,SKU-005,WH-002,DELIVERY,38,368.99
EVT-0070-SKU-006,2026-06-08,SKU-006,WH-002,DELIVERY,47,152.91
EVT-0070-SKU-007,2026-06-08,SKU-007,WH-001,DELIVERY,48,453.11
REC-0070-SKU-007,2026-06-08,SKU-007,WH-001,RECEIPT,87,243.59
EVT-0070-SKU-008,2026-06-08,SKU-008,WH-001,DELIVERY,49,277.98
EVT-0070-SKU-009,2026-06-08,SKU-009,WH-001,DELIVERY,33,239.67
EVT-0070-SKU-010,2026-06-08,SKU-010,WH-001,DELIVERY,50,335.07
REC-0070-SKU-010,2026-06-08,SKU-010,WH-001,RECEIPT,241,490.82
EVT-0070-SKU-011,2026-06-08,SKU-011,WH-003,DELIVERY,62,447.46
EVT-0070-SKU-012,2026-06-08,SKU-012,WH-003,DELIVERY,17,458.25
REC-0070-SKU-012,2026-06-08,SKU-012,WH-003,RECEIPT,151,454.1
EVT-0070-SKU-013,2026-06-08,SKU-013,WH-003,DELIVERY,56,134.36
EVT-0070-SKU-014,2026-06-08,SKU-014,WH-003,DELIVERY,31,413.44
EVT-0070-SKU-015,2026-06-08,SKU-015,WH-001,DELIVERY,43,219.4
REC-0070-SKU-015,2026-06-08,SKU-015,WH-001,RECEIPT,213,496.29
EVT-0070-SKU-016,2026-06-08,SKU-016,WH-002,DELIVERY,36,275.37
EVT-0070-SKU-017,2026-06-08,SKU-017,WH-003,DELIVERY,30,449.55
EVT-0070-SKU-018,2026-06-08,SKU-018,WH-001,DELIVERY,54,179.81
EVT-0070-SKU-019,2026-06-08,SKU-019,WH-003,DELIVERY,43,328.42
REC-0070-SKU-019,2026-06-08,SKU-019,WH-003,RECEIPT,111,61.96
EVT-0070-SKU-020,2026-06-08,SKU-020,WH-003,DELIVERY,42,246.42
REC-0070-SKU-020,2026-06-08,SKU-020,WH-003,RECEIPT,196,195.93
EVT-0071-SKU-001,2026-06-09,SKU-001,WH-001,DELIVERY,52,451.4
EVT-0071-SKU-002,2026-06-09,SKU-002,WH-002,DELIVERY,6,346.78
EVT-0071-SKU-003,2026-06-09,SKU-003,WH-003,DELIVERY,25,277.57
EVT-0071-SKU-004,2026-06-09,SKU-004,WH-002,DELIVERY,53,107.41
EVT-0071-SKU-005,2026-06-09,SKU-005,WH-002,DELIVERY,43,259.08
EVT-0071-SKU-006,2026-06-09,SKU-006,WH-001,DELIVERY,42,282.08
EVT-0071-SKU-007,2026-06-09,SKU-007,WH-002,DELIVERY,25,356.95
EVT-0071-SKU-008,2026-06-09,SKU-008,WH-003,DELIVERY,31,418.95
EVT-0071-SKU-009,2026-06-09,SKU-009,WH-003,DELIVERY,53,364.08
EVT-0071-SKU-010,2026-06-09,SKU-010,WH-003,DELIVERY,53,257.74
EVT-0071-SKU-011,2026-06-09,SKU-011,WH-003,DELIVERY,19,227.97
EVT-0071-SKU-012,2026-06-09,SKU-012,WH-002,DELIVERY,61,58.53
EVT-0071-SKU-013,2026-06-09,SKU-013,WH-001,DELIVERY,14,263.53
EVT-0071-SKU-014,2026-06-09,SKU-014,WH-001,DELIVERY,66,234.01
EVT-0071-SKU-015,2026-06-09,SKU-015,WH-002,DELIVERY,44,96.27
EVT-0071-SKU-016,2026-06-09,SKU-016,WH-001,DELIVERY,61,232.08
EVT-0071-SKU-017,2026-06-09,SKU-017,WH-003,DELIVERY,29,423.85
EVT-0071-SKU-018,2026-06-09,SKU-018,WH-001,DELIVERY,43,252.03
EVT-0071-SKU-019,2026-06-09,SKU-019,WH-003,DELIVERY,17,407.91
EVT-0071-SKU-020,2026-06-09,SKU-020,WH-002,DELIVERY,47,221.88
EVT-0072-SKU-001,2026-06-10,SKU-001,WH-003,DELIVERY,55,438.34
EVT-0072-SKU-002,2026-06-10,SKU-002,WH-003,DELIVERY,27,394.93
REC-0072-SKU-002,2026-06-10,SKU-002,WH-003,RECEIPT,223,336.77
EVT-0072-SKU-003,2026-06-10,SKU-003,WH-003,DELIVERY,32,305.35
EVT-0072-SKU-004,2026-06-10,SKU-004,WH-003,DELIVERY,37,385.26
EVT-0072-SKU-005,2026-06-10,SKU-005,WH-001,DELIVERY,31,166.48
REC-0072-SKU-005,2026-06-10,SKU-005,WH-001,RECEIPT,142,421.66
EVT-0072-SKU-006,2026-06-10,SKU-006,WH-003,DELIVERY,27,411.18
EVT-0072-SKU-007,2026-06-10,SKU-007,WH-002,DELIVERY,28,196.38
EVT-0072-SKU-008,2026-06-10,SKU-008,WH-002,DELIVERY,32,282.83
EVT-0072-SKU-009,2026-06-10,SKU-009,WH-002,DELIVERY,68,171.26
EVT-0072-SKU-010,2026-06-10,SKU-010,WH-002,DELIVERY,58,110.94
EVT-0072-SKU-011,2026-06-10,SKU-011,WH-003,DELIVERY,48,52.5
EVT-0072-SKU-012,2026-06-10,SKU-012,WH-002,DELIVERY,54,187.22
EVT-0072-SKU-013,2026-06-10,SKU-013,WH-002,DELIVERY,38,63.86
REC-0072-SKU-013,2026-06-10,SKU-013,WH-002,RECEIPT,232,309.57
EVT-0072-SKU-014,2026-06-10,SKU-014,WH-002,DELIVERY,68,272.03
REC-0072-SKU-014,2026-06-10,SKU-014,WH-002,RECEIPT,148,67.89
EVT-0072-SKU-015,2026-06-10,SKU-015,WH-002,DELIVERY,35,331.43
EVT-0072-SKU-016,2026-06-10,SKU-016,WH-002,DELIVERY,38,309.64
REC-0072-SKU-016,2026-06-10,SKU-016,WH-002,RECEIPT,143,390.97
EVT-0072-SKU-017,2026-06-10,SKU-017,WH-003,DELIVERY,42,78.6
REC-0072-SKU-017,2026-06-10,SKU-017,WH-003,RECEIPT,116,211.72
EVT-0072-SKU-018,2026-06-10,SKU-018,WH-001,DELIVERY,30,287.27
EVT-0072-SKU-019,2026-06-10,SKU-019,WH-003,DELIVERY,39,421.51
REC-0072-SKU-019,2026-06-10,SKU-019,WH-003,RECEIPT,247,487.16
EVT-0072-SKU-020,2026-06-10,SKU-020,WH-001,DELIVERY,40,464.03
REC-0072-SKU-020,2026-06-10,SKU-020,WH-001,RECEIPT,233,155.41
EVT-0073-SKU-001,2026-06-11,SKU-001,WH-003,DELIVERY,31,309.17
EVT-0073-SKU-002,2026-06-11,SKU-002,WH-001,DELIVERY,47,285.68
EVT-0073-SKU-003,2026-06-11,SKU-003,WH-002,DELIVERY,55,373.53
EVT-0073-SKU-004,2026-06-11,SKU-004,WH-002,DELIVERY,49,272.22
EVT-0073-SKU-005,2026-06-11,SKU-005,WH-003,DELIVERY,56,365.57
EVT-0073-SKU-006,2026-06-11,SKU-006,WH-001,DELIVERY,34,187.95
EVT-0073-SKU-007,2026-06-11,SKU-007,WH-002,DELIVERY,50,101.51
EVT-0073-SKU-008,2026-06-11,SKU-008,WH-003,DELIVERY,37,454.66
EVT-0073-SKU-009,2026-06-11,SKU-009,WH-002,DELIVERY,22,220.68
EVT-0073-SKU-010,2026-06-11,SKU-010,WH-003,DELIVERY,33,287.78
EVT-0073-SKU-011,2026-06-11,SKU-011,WH-003,DELIVERY,62,316.6
EVT-0073-SKU-012,2026-06-11,SKU-012,WH-001,DELIVERY,62,413.46
EVT-0073-SKU-013,2026-06-11,SKU-013,WH-001,DELIVERY,12,141.9
EVT-0073-SKU-014,2026-06-11,SKU-014,WH-002,DELIVERY,46,366.23
EVT-0073-SKU-015,2026-06-11,SKU-015,WH-001,DELIVERY,46,141.73
EVT-0073-SKU-016,2026-06-11,SKU-016,WH-002,DELIVERY,24,266.71
EVT-0073-SKU-017,2026-06-11,SKU-017,WH-001,DELIVERY,47,440.16
EVT-0073-SKU-018,2026-06-11,SKU-018,WH-001,DELIVERY,60,343.53
EVT-0073-SKU-019,2026-06-11,SKU-019,WH-001,DELIVERY,23,469.44
EVT-0073-SKU-020,2026-06-11,SKU-020,WH-003,DELIVERY,29,166.19
EVT-0074-SKU-001,2026-06-12,SKU-001,WH-003,DELIVERY,32,446.23
EVT-0074-SKU-002,2026-06-12,SKU-002,WH-002,DELIVERY,25,473.81
EVT-0074-SKU-003,2026-06-12,SKU-003,WH-002,DELIVERY,4,352.88
EVT-0074-SKU-004,2026-06-12,SKU-004,WH-002,DELIVERY,56,389.15
EVT-0074-SKU-005,2026-06-12,SKU-005,WH-001,DELIVERY,37,42.37
EVT-0074-SKU-006,2026-06-12,SKU-006,WH-002,DELIVERY,52,303.04
EVT-0074-SKU-007,2026-06-12,SKU-007,WH-003,DELIVERY,42,461.82
EVT-0074-SKU-008,2026-06-12,SKU-008,WH-001,DELIVERY,58,68.91
EVT-0074-SKU-009,2026-06-12,SKU-009,WH-001,DELIVERY,18,328.1
EVT-0074-SKU-010,2026-06-12,SKU-010,WH-002,DELIVERY,42,257.85
EVT-0074-SKU-011,2026-06-12,SKU-011,WH-001,DELIVERY,46,73.54
EVT-0074-SKU-012,2026-06-12,SKU-012,WH-001,DELIVERY,26,306.31
EVT-0074-SKU-013,2026-06-12,SKU-013,WH-001,DELIVERY,50,358.95
EVT-0074-SKU-014,2026-06-12,SKU-014,WH-001,DELIVERY,34,243.28
EVT-0074-SKU-015,2026-06-12,SKU-015,WH-003,DELIVERY,36,297.26
EVT-0074-SKU-016,2026-06-12,SKU-016,WH-002,DELIVERY,36,323.96
EVT-0074-SKU-017,2026-06-12,SKU-017,WH-001,DELIVERY,53,248.57
EVT-0074-SKU-018,2026-06-12,SKU-018,WH-002,DELIVERY,24,324.85
EVT-0074-SKU-019,2026-06-12,SKU-019,WH-003,DELIVERY,59,190.97
EVT-0074-SKU-020,2026-06-12,SKU-020,WH-001,DELIVERY,31,313.78
EVT-0075-SKU-001,2026-06-13,SKU-001,WH-003,DELIVERY,41,333.19
EVT-0075-SKU-002,2026-06-13,SKU-002,WH-002,DELIVERY,32,373.33
EVT-0075-SKU-003,2026-06-13,SKU-003,WH-001,DELIVERY,40,183.37
EVT-0075-SKU-004,2026-06-13,SKU-004,WH-003,DELIVERY,61,387.01
EVT-0075-SKU-005,2026-06-13,SKU-005,WH-003,DELIVERY,55,181.99
EVT-0075-SKU-006,2026-06-13,SKU-006,WH-002,DELIVERY,26,43.72
EVT-0075-SKU-007,2026-06-13,SKU-007,WH-001,DELIVERY,41,65.12
EVT-0075-SKU-008,2026-06-13,SKU-008,WH-001,DELIVERY,62,334.66
EVT-0075-SKU-009,2026-06-13,SKU-009,WH-001,DELIVERY,30,491.68
EVT-0075-SKU-010,2026-06-13,SKU-010,WH-003,DELIVERY,54,194.4
EVT-0075-SKU-011,2026-06-13,SKU-011,WH-002,DELIVERY,37,458.85
EVT-0075-SKU-012,2026-06-13,SKU-012,WH-001,DELIVERY,44,333.83
EVT-0075-SKU-013,2026-06-13,SKU-013,WH-002,DELIVERY,33,478.19
EVT-0075-SKU-014,2026-06-13,SKU-014,WH-003,DELIVERY,33,224.14
REC-0075-SKU-014,2026-06-13,SKU-014,WH-003,RECEIPT,172,44.55
EVT-0075-SKU-015,2026-06-13,SKU-015,WH-002,DELIVERY,45,129.43
EVT-0075-SKU-016,2026-06-13,SKU-016,WH-001,DELIVERY,41,131.6
EVT-0075-SKU-017,2026-06-13,SKU-017,WH-001,DELIVERY,41,429.87
EVT-0075-SKU-018,2026-06-13,SKU-018,WH-001,DELIVERY,49,121.0
EVT-0075-SKU-019,2026-06-13,SKU-019,WH-001,DELIVERY,57,402.21
EVT-0075-SKU-020,2026-06-13,SKU-020,WH-002,DELIVERY,42,180.33
EVT-0076-SKU-001,2026-06-14,SKU-001,WH-002,DELIVERY,46,489.47
EVT-0076-SKU-002,2026-06-14,SKU-002,WH-003,DELIVERY,23,106.44
EVT-0076-SKU-003,2026-06-14,SKU-003,WH-001,DELIVERY,44,315.79
EVT-0076-SKU-004,2026-06-14,SKU-004,WH-001,DELIVERY,50,310.17
EVT-0076-SKU-005,2026-06-14,SKU-005,WH-001,DELIVERY,38,441.51
EVT-0076-SKU-006,2026-06-14,SKU-006,WH-001,DELIVERY,43,400.95
EVT-0076-SKU-007,2026-06-14,SKU-007,WH-001,DELIVERY,20,274.21
EVT-0076-SKU-008,2026-06-14,SKU-008,WH-003,DELIVERY,38,188.04
EVT-0076-SKU-009,2026-06-14,SKU-009,WH-003,DELIVERY,33,163.43
EVT-0076-SKU-010,2026-06-14,SKU-010,WH-003,DELIVERY,22,308.63
EVT-0076-SKU-011,2026-06-14,SKU-011,WH-001,DELIVERY,41,222.11
EVT-0076-SKU-012,2026-06-14,SKU-012,WH-002,DELIVERY,47,302.83
EVT-0076-SKU-013,2026-06-14,SKU-013,WH-002,DELIVERY,33,244.47
EVT-0076-SKU-014,2026-06-14,SKU-014,WH-001,DELIVERY,37,254.02
EVT-0076-SKU-015,2026-06-14,SKU-015,WH-002,DELIVERY,27,268.87
EVT-0076-SKU-016,2026-06-14,SKU-016,WH-002,DELIVERY,43,243.18
EVT-0076-SKU-017,2026-06-14,SKU-017,WH-003,DELIVERY,62,270.81
EVT-0076-SKU-018,2026-06-14,SKU-018,WH-002,DELIVERY,51,85.27
EVT-0076-SKU-019,2026-06-14,SKU-019,WH-002,DELIVERY,47,191.45
EVT-0076-SKU-020,2026-06-14,SKU-020,WH-003,DELIVERY,41,354.43
EVT-0077-SKU-001,2026-06-15,SKU-001,WH-001,DELIVERY,28,386.1
EVT-0077-SKU-002,2026-06-15,SKU-002,WH-001,DELIVERY,0,169.65
EVT-0077-SKU-003,2026-06-15,SKU-003,WH-002,DELIVERY,61,45.47
REC-0077-SKU-003,2026-06-15,SKU-003,WH-002,RECEIPT,181,144.69
EVT-0077-SKU-004,2026-06-15,SKU-004,WH-003,DELIVERY,32,258.24
EVT-0077-SKU-005,2026-06-15,SKU-005,WH-003,DELIVERY,44,429.07
REC-0077-SKU-005,2026-06-15,SKU-005,WH-003,RECEIPT,186,136.41
EVT-0077-SKU-006,2026-06-15,SKU-006,WH-002,DELIVERY,29,53.85
REC-0077-SKU-006,2026-06-15,SKU-006,WH-002,RECEIPT,227,441.93
EVT-0077-SKU-007,2026-06-15,SKU-007,WH-002,DELIVERY,41,423.78
EVT-0077-SKU-008,2026-06-15,SKU-008,WH-001,DELIVERY,39,355.45
REC-0077-SKU-008,2026-06-15,SKU-008,WH-001,RECEIPT,217,177.83
EVT-0077-SKU-009,2026-06-15,SKU-009,WH-003,DELIVERY,60,110.7
EVT-0077-SKU-010,2026-06-15,SKU-010,WH-003,DELIVERY,43,317.38
REC-0077-SKU-010,2026-06-15,SKU-010,WH-003,RECEIPT,177,133.93
EVT-0077-SKU-011,2026-06-15,SKU-011,WH-002,DELIVERY,50,191.27
EVT-0077-SKU-012,2026-06-15,SKU-012,WH-003,DELIVERY,44,82.89
EVT-0077-SKU-013,2026-06-15,SKU-013,WH-003,DELIVERY,37,264.76
REC-0077-SKU-013,2026-06-15,SKU-013,WH-003,RECEIPT,130,71.97
EVT-0077-SKU-014,2026-06-15,SKU-014,WH-002,DELIVERY,39,147.2
EVT-0077-SKU-015,2026-06-15,SKU-015,WH-002,DELIVERY,53,435.47
REC-0077-SKU-015,2026-06-15,SKU-015,WH-002,RECEIPT,180,112.24
EVT-0077-SKU-016,2026-06-15,SKU-016,WH-001,DELIVERY,45,232.47
EVT-0077-SKU-017,2026-06-15,SKU-017,WH-002,DELIVERY,63,134.61
REC-0077-SKU-017,2026-06-15,SKU-017,WH-002,RECEIPT,250,258.4
EVT-0077-SKU-018,2026-06-15,SKU-018,WH-003,DELIVERY,33,182.74
EVT-0077-SKU-019,2026-06-15,SKU-019,WH-003,DELIVERY,37,495.9
EVT-0077-SKU-020,2026-06-15,SKU-020,WH-001,DELIVERY,26,318.23
EVT-0078-SKU-001,2026-06-16,SKU-001,WH-003,DELIVERY,32,252.84
EVT-0078-SKU-002,2026-06-16,SKU-002,WH-003,DELIVERY,53,337.3
EVT-0078-SKU-003,2026-06-16,SKU-003,WH-002,DELIVERY,34,321.99
EVT-0078-SKU-004,2026-06-16,SKU-004,WH-002,DELIVERY,21,453.98
EVT-0078-SKU-005,2026-06-16,SKU-005,WH-002,DELIVERY,26,83.95
EVT-0078-SKU-006,2026-06-16,SKU-006,WH-001,DELIVERY,51,112.65
EVT-0078-SKU-007,2026-06-16,SKU-007,WH-003,DELIVERY,56,139.94
EVT-0078-SKU-008,2026-06-16,SKU-008,WH-002,DELIVERY,30,294.3
EVT-0078-SKU-009,2026-06-16,SKU-009,WH-001,DELIVERY,40,228.64
EVT-0078-SKU-010,2026-06-16,SKU-010,WH-002,DELIVERY,25,60.53
EVT-0078-SKU-011,2026-06-16,SKU-011,WH-001,DELIVERY,28,198.08
EVT-0078-SKU-012,2026-06-16,SKU-012,WH-001,DELIVERY,26,44.94
REC-0078-SKU-012,2026-06-16,SKU-012,WH-001,RECEIPT,114,190.47
EVT-0078-SKU-013,2026-06-16,SKU-013,WH-003,DELIVERY,26,342.23
EVT-0078-SKU-014,2026-06-16,SKU-014,WH-001,DELIVERY,42,168.41
EVT-0078-SKU-015,2026-06-16,SKU-015,WH-001,DELIVERY,48,97.11
EVT-0078-SKU-016,2026-06-16,SKU-016,WH-001,DELIVERY,26,391.25
EVT-0078-SKU-017,2026-06-16,SKU-017,WH-001,DELIVERY,33,450.64
EVT-0078-SKU-018,2026-06-16,SKU-018,WH-002,DELIVERY,42,424.79
REC-0078-SKU-018,2026-06-16,SKU-018,WH-002,RECEIPT,179,357.56
EVT-0078-SKU-019,2026-06-16,SKU-019,WH-002,DELIVERY,41,392.87
EVT-0078-SKU-020,2026-06-16,SKU-020,WH-002,DELIVERY,40,131.99
EVT-0079-SKU-001,2026-06-17,SKU-001,WH-002,DELIVERY,42,352.78
EVT-0079-SKU-002,2026-06-17,SKU-002,WH-001,DELIVERY,40,84.44
EVT-0079-SKU-003,2026-06-17,SKU-003,WH-003,DELIVERY,46,190.49
EVT-0079-SKU-004,2026-06-17,SKU-004,WH-003,DELIVERY,50,289.18
EVT-0079-SKU-005,2026-06-17,SKU-005,WH-001,DELIVERY,40,46.9
EVT-0079-SKU-006,2026-06-17,SKU-006,WH-001,DELIVERY,45,251.04
EVT-0079-SKU-007,2026-06-17,SKU-007,WH-003,DELIVERY,46,70.97
EVT-0079-SKU-008,2026-06-17,SKU-008,WH-002,DELIVERY,24,315.48
EVT-0079-SKU-009,2026-06-17,SKU-009,WH-003,DELIVERY,4,118.87
EVT-0079-SKU-010,2026-06-17,SKU-010,WH-003,DELIVERY,31,330.2
EVT-0079-SKU-011,2026-06-17,SKU-011,WH-003,DELIVERY,58,120.65
EVT-0079-SKU-012,2026-06-17,SKU-012,WH-003,DELIVERY,30,194.15
EVT-0079-SKU-013,2026-06-17,SKU-013,WH-002,DELIVERY,20,364.13
EVT-0079-SKU-014,2026-06-17,SKU-014,WH-001,DELIVERY,38,389.11
EVT-0079-SKU-015,2026-06-17,SKU-015,WH-002,DELIVERY,41,76.52
EVT-0079-SKU-016,2026-06-17,SKU-016,WH-002,DELIVERY,52,132.93
EVT-0079-SKU-017,2026-06-17,SKU-017,WH-001,DELIVERY,34,494.73
EVT-0079-SKU-018,2026-06-17,SKU-018,WH-003,DELIVERY,33,101.76
EVT-0079-SKU-019,2026-06-17,SKU-019,WH-003,DELIVERY,40,230.85
EVT-0079-SKU-020,2026-06-17,SKU-020,WH-001,DELIVERY,36,377.12
EVT-0080-SKU-001,2026-06-18,SKU-001,WH-001,DELIVERY,41,494.65
REC-0080-SKU-001,2026-06-18,SKU-001,WH-001,RECEIPT,235,441.44
EVT-0080-SKU-002,2026-06-18,SKU-002,WH-003,DELIVERY,43,243.49
REC-0080-SKU-002,2026-06-18,SKU-002,WH-003,RECEIPT,96,440.14
EVT-0080-SKU-003,2026-06-18,SKU-003,WH-001,DELIVERY,43,471.61
EVT-0080-SKU-004,2026-06-18,SKU-004,WH-001,DELIVERY,38,292.47
REC-0080-SKU-004,2026-06-18,SKU-004,WH-001,RECEIPT,140,273.42
EVT-0080-SKU-005,2026-06-18,SKU-005,WH-002,DELIVERY,38,152.67
EVT-0080-SKU-006,2026-06-18,SKU-006,WH-003,DELIVERY,29,171.26
EVT-0080-SKU-007,2026-06-18,SKU-007,WH-003,DELIVERY,47,477.47
REC-0080-SKU-007,2026-06-18,SKU-007,WH-003,RECEIPT,181,213.75
EVT-0080-SKU-008,2026-06-18,SKU-008,WH-002,DELIVERY,62,272.43
EVT-0080-SKU-009,2026-06-18,SKU-009,WH-001,DELIVERY,294,236.6
EVT-0080-SKU-010,2026-06-18,SKU-010,WH-002,DELIVERY,20,110.29
EVT-0080-SKU-011,2026-06-18,SKU-011,WH-002,DELIVERY,32,298.59
EVT-0080-SKU-012,2026-06-18,SKU-012,WH-001,DELIVERY,46,368.84
REC-0080-SKU-012,2026-06-18,SKU-012,WH-001,RECEIPT,119,461.42
EVT-0080-SKU-013,2026-06-18,SKU-013,WH-001,DELIVERY,54,266.07
EVT-0080-SKU-014,2026-06-18,SKU-014,WH-002,DELIVERY,41,211.65
EVT-0080-SKU-015,2026-06-18,SKU-015,WH-002,DELIVERY,29,57.86
EVT-0080-SKU-016,2026-06-18,SKU-016,WH-002,DELIVERY,27,114.69
EVT-0080-SKU-017,2026-06-18,SKU-017,WH-002,DELIVERY,42,366.2
REC-0080-SKU-017,2026-06-18,SKU-017,WH-002,RECEIPT,94,339.42
EVT-0080-SKU-018,2026-06-18,SKU-018,WH-002,DELIVERY,20,151.48
REC-0080-SKU-018,2026-06-18,SKU-018,WH-002,RECEIPT,172,330.24
EVT-0080-SKU-019,2026-06-18,SKU-019,WH-003,DELIVERY,57,318.5
EVT-0080-SKU-020,2026-06-18,SKU-020,WH-002,DELIVERY,43,306.04
EVT-0081-SKU-001,2026-06-19,SKU-001,WH-001,DELIVERY,43,216.8
EVT-0081-SKU-002,2026-06-19,SKU-002,WH-003,DELIVERY,43,442.96
EVT-0081-SKU-003,2026-06-19,SKU-003,WH-002,DELIVERY,39,342.9
EVT-0081-SKU-004,2026-06-19,SKU-004,WH-003,DELIVERY,50,229.34
EVT-0081-SKU-005,2026-06-19,SKU-005,WH-001,DELIVERY,26,105.65
EVT-0081-SKU-006,2026-06-19,SKU-006,WH-003,DELIVERY,24,181.73
EVT-0081-SKU-007,2026-06-19,SKU-007,WH-002,DELIVERY,44,281.48
REC-0081-SKU-007,2026-06-19,SKU-007,WH-002,RECEIPT,190,118.49
EVT-0081-SKU-008,2026-06-19,SKU-008,WH-002,DELIVERY,40,101.79
EVT-0081-SKU-009,2026-06-19,SKU-009,WH-001,DELIVERY,34,137.78
EVT-0081-SKU-010,2026-06-19,SKU-010,WH-001,DELIVERY,39,412.22
EVT-0081-SKU-011,2026-06-19,SKU-011,WH-002,DELIVERY,64,459.97
EVT-0081-SKU-012,2026-06-19,SKU-012,WH-003,DELIVERY,37,174.84
EVT-0081-SKU-013,2026-06-19,SKU-013,WH-001,DELIVERY,38,259.83
EVT-0081-SKU-014,2026-06-19,SKU-014,WH-001,DELIVERY,50,385.83
EVT-0081-SKU-015,2026-06-19,SKU-015,WH-003,DELIVERY,9,280.27
EVT-0081-SKU-016,2026-06-19,SKU-016,WH-002,DELIVERY,22,493.97
REC-0081-SKU-016,2026-06-19,SKU-016,WH-002,RECEIPT,204,257.69
EVT-0081-SKU-017,2026-06-19,SKU-017,WH-002,DELIVERY,31,197.82
EVT-0081-SKU-018,2026-06-19,SKU-018,WH-001,DELIVERY,33,345.94
EVT-0081-SKU-019,2026-06-19,SKU-019,WH-003,DELIVERY,50,86.08
EVT-0081-SKU-020,2026-06-19,SKU-020,WH-003,DELIVERY,43,424.29
EVT-0082-SKU-001,2026-06-20,SKU-001,WH-001,DELIVERY,20,361.66
EVT-0082-SKU-002,2026-06-20,SKU-002,WH-002,DELIVERY,25,355.65
EVT-0082-SKU-003,2026-06-20,SKU-003,WH-003,DELIVERY,33,480.47
EVT-0082-SKU-004,2026-06-20,SKU-004,WH-001,DELIVERY,44,441.78
EVT-0082-SKU-005,2026-06-20,SKU-005,WH-003,DELIVERY,24,321.79
EVT-0082-SKU-006,2026-06-20,SKU-006,WH-002,DELIVERY,45,468.48
EVT-0082-SKU-007,2026-06-20,SKU-007,WH-003,DELIVERY,56,175.18
EVT-0082-SKU-008,2026-06-20,SKU-008,WH-003,DELIVERY,19,279.23
EVT-0082-SKU-009,2026-06-20,SKU-009,WH-001,DELIVERY,34,498.3
EVT-0082-SKU-010,2026-06-20,SKU-010,WH-001,DELIVERY,40,479.32
EVT-0082-SKU-011,2026-06-20,SKU-011,WH-003,DELIVERY,31,474.34
EVT-0082-SKU-012,2026-06-20,SKU-012,WH-001,DELIVERY,37,369.25
EVT-0082-SKU-013,2026-06-20,SKU-013,WH-002,DELIVERY,56,158.51
EVT-0082-SKU-014,2026-06-20,SKU-014,WH-003,DELIVERY,28,102.45
EVT-0082-SKU-015,2026-06-20,SKU-015,WH-001,DELIVERY,43,304.95
EVT-0082-SKU-016,2026-06-20,SKU-016,WH-003,DELIVERY,29,458.68
EVT-0082-SKU-017,2026-06-20,SKU-017,WH-003,DELIVERY,30,411.89
EVT-0082-SKU-018,2026-06-20,SKU-018,WH-002,DELIVERY,27,80.33
EVT-0082-SKU-019,2026-06-20,SKU-019,WH-002,DELIVERY,38,93.41
EVT-0082-SKU-020,2026-06-20,SKU-020,WH-001,DELIVERY,11,478.87
EVT-0083-SKU-001,2026-06-21,SKU-001,WH-002,DELIVERY,53,490.73
EVT-0083-SKU-002,2026-06-21,SKU-002,WH-002,DELIVERY,45,469.61
EVT-0083-SKU-003,2026-06-21,SKU-003,WH-003,DELIVERY,31,44.23
EVT-0083-SKU-004,2026-06-21,SKU-004,WH-002,DELIVERY,26,473.73
EVT-0083-SKU-005,2026-06-21,SKU-005,WH-002,DELIVERY,37,383.65
EVT-0083-SKU-006,2026-06-21,SKU-006,WH-003,DELIVERY,33,271.09
EVT-0083-SKU-007,2026-06-21,SKU-007,WH-002,DELIVERY,58,421.2
EVT-0083-SKU-008,2026-06-21,SKU-008,WH-002,DELIVERY,39,213.29
EVT-0083-SKU-009,2026-06-21,SKU-009,WH-001,DELIVERY,43,412.79
EVT-0083-SKU-010,2026-06-21,SKU-010,WH-001,DELIVERY,32,374.6
EVT-0083-SKU-011,2026-06-21,SKU-011,WH-003,DELIVERY,46,220.45
EVT-0083-SKU-012,2026-06-21,SKU-012,WH-003,DELIVERY,36,200.22
EVT-0083-SKU-013,2026-06-21,SKU-013,WH-002,DELIVERY,57,464.61
EVT-0083-SKU-014,2026-06-21,SKU-014,WH-001,DELIVERY,48,386.04
EVT-0083-SKU-015,2026-06-21,SKU-015,WH-003,DELIVERY,34,243.27
EVT-0083-SKU-016,2026-06-21,SKU-016,WH-002,DELIVERY,56,136.49
EVT-0083-SKU-017,2026-06-21,SKU-017,WH-003,DELIVERY,33,86.9
EVT-0083-SKU-018,2026-06-21,SKU-018,WH-002,DELIVERY,30,236.47
EVT-0083-SKU-019,2026-06-21,SKU-019,WH-001,DELIVERY,66,64.14
EVT-0083-SKU-020,2026-06-21,SKU-020,WH-003,DELIVERY,58,108.34
EVT-0084-SKU-001,2026-06-22,SKU-001,WH-001,DELIVERY,48,356.47
REC-0084-SKU-001,2026-06-22,SKU-001,WH-001,RECEIPT,247,382.79
EVT-0084-SKU-002,2026-06-22,SKU-002,WH-003,DELIVERY,41,348.54
REC-0084-SKU-002,2026-06-22,SKU-002,WH-003,RECEIPT,198,437.85
EVT-0084-SKU-003,2026-06-22,SKU-003,WH-003,DELIVERY,27,45.34
REC-0084-SKU-003,2026-06-22,SKU-003,WH-003,RECEIPT,101,96.14
EVT-0084-SKU-004,2026-06-22,SKU-004,WH-003,DELIVERY,51,274.48
EVT-0084-SKU-005,2026-06-22,SKU-005,WH-003,DELIVERY,25,382.87
REC-0084-SKU-005,2026-06-22,SKU-005,WH-003,RECEIPT,178,262.73
EVT-0084-SKU-006,2026-06-22,SKU-006,WH-003,DELIVERY,33,177.25
REC-0084-SKU-006,2026-06-22,SKU-006,WH-003,RECEIPT,105,189.61
EVT-0084-SKU-007,2026-06-22,SKU-007,WH-003,DELIVERY,57,413.92
EVT-0084-SKU-008,2026-06-22,SKU-008,WH-002,DELIVERY,28,286.75
REC-0084-SKU-008,2026-06-22,SKU-008,WH-002,RECEIPT,96,278.69
EVT-0084-SKU-009,2026-06-22,SKU-009,WH-003,DELIVERY,18,386.61
EVT-0084-SKU-010,2026-06-22,SKU-010,WH-003,DELIVERY,34,123.11
REC-0084-SKU-010,2026-06-22,SKU-010,WH-003,RECEIPT,81,295.17
EVT-0084-SKU-011,2026-06-22,SKU-011,WH-002,DELIVERY,44,114.16
EVT-0084-SKU-012,2026-06-22,SKU-012,WH-001,DELIVERY,44,97.37
EVT-0084-SKU-013,2026-06-22,SKU-013,WH-002,DELIVERY,47,342.75
EVT-0084-SKU-014,2026-06-22,SKU-014,WH-002,DELIVERY,38,475.07
EVT-0084-SKU-015,2026-06-22,SKU-015,WH-003,DELIVERY,33,183.95
EVT-0084-SKU-016,2026-06-22,SKU-016,WH-003,DELIVERY,38,136.53
REC-0084-SKU-016,2026-06-22,SKU-016,WH-003,RECEIPT,249,417.09
EVT-0084-SKU-017,2026-06-22,SKU-017,WH-001,DELIVERY,46,139.0
REC-0084-SKU-017,2026-06-22,SKU-017,WH-001,RECEIPT,234,293.95
EVT-0084-SKU-018,2026-06-22,SKU-018,WH-003,DELIVERY,41,99.11
EVT-0084-SKU-019,2026-06-22,SKU-019,WH-001,DELIVERY,31,115.13
REC-0084-SKU-019,2026-06-22,SKU-019,WH-001,RECEIPT,101,474.58
EVT-0084-SKU-020,2026-06-22,SKU-020,WH-003,DELIVERY,37,359.48
EVT-0085-SKU-001,2026-06-23,SKU-001,WH-001,DELIVERY,33,336.96
EVT-0085-SKU-002,2026-06-23,SKU-002,WH-003,DELIVERY,33,417.43
EVT-0085-SKU-003,2026-06-23,SKU-003,WH-002,DELIVERY,44,214.31
EVT-0085-SKU-004,2026-06-23,SKU-004,WH-001,DELIVERY,30,284.48
EVT-0085-SKU-005,2026-06-23,SKU-005,WH-001,DELIVERY,37,397.91
EVT-0085-SKU-006,2026-06-23,SKU-006,WH-001,DELIVERY,44,85.06
EVT-0085-SKU-007,2026-06-23,SKU-007,WH-002,DELIVERY,60,282.18
EVT-0085-SKU-008,2026-06-23,SKU-008,WH-003,DELIVERY,33,265.22
EVT-0085-SKU-009,2026-06-23,SKU-009,WH-003,DELIVERY,31,85.57
REC-0085-SKU-009,2026-06-23,SKU-009,WH-003,RECEIPT,123,186.28
EVT-0085-SKU-010,2026-06-23,SKU-010,WH-002,DELIVERY,35,410.8
EVT-0085-SKU-011,2026-06-23,SKU-011,WH-002,DELIVERY,32,368.08
EVT-0085-SKU-012,2026-06-23,SKU-012,WH-001,DELIVERY,34,378.29
REC-0085-SKU-012,2026-06-23,SKU-012,WH-001,RECEIPT,243,488.27
EVT-0085-SKU-013,2026-06-23,SKU-013,WH-003,DELIVERY,43,250.58
EVT-0085-SKU-014,2026-06-23,SKU-014,WH-002,DELIVERY,22,271.03
EVT-0085-SKU-015,2026-06-23,SKU-015,WH-002,DELIVERY,21,145.23
EVT-0085-SKU-016,2026-06-23,SKU-016,WH-002,DELIVERY,37,183.86
EVT-0085-SKU-017,2026-06-23,SKU-017,WH-003,DELIVERY,57,115.95
REC-0085-SKU-017,2026-06-23,SKU-017,WH-003,RECEIPT,101,381.97
EVT-0085-SKU-018,2026-06-23,SKU-018,WH-003,DELIVERY,49,411.84
REC-0085-SKU-018,2026-06-23,SKU-018,WH-003,RECEIPT,188,351.44
EVT-0085-SKU-019,2026-06-23,SKU-019,WH-003,DELIVERY,49,351.32
EVT-0085-SKU-020,2026-06-23,SKU-020,WH-002,DELIVERY,200,459.01
REC-0085-SKU-020,2026-06-23,SKU-020,WH-002,RECEIPT,188,363.19
EVT-0086-SKU-001,2026-06-24,SKU-001,WH-003,DELIVERY,18,463.41
EVT-0086-SKU-002,2026-06-24,SKU-002,WH-003,DELIVERY,71,117.52
EVT-0086-SKU-003,2026-06-24,SKU-003,WH-001,DELIVERY,60,478.14
EVT-0086-SKU-004,2026-06-24,SKU-004,WH-002,DELIVERY,50,211.71
EVT-0086-SKU-005,2026-06-24,SKU-005,WH-002,DELIVERY,47,392.55
EVT-0086-SKU-006,2026-06-24,SKU-006,WH-002,DELIVERY,35,175.03
EVT-0086-SKU-007,2026-06-24,SKU-007,WH-001,DELIVERY,38,180.22
EVT-0086-SKU-008,2026-06-24,SKU-008,WH-002,DELIVERY,24,430.24
EVT-0086-SKU-009,2026-06-24,SKU-009,WH-002,DELIVERY,53,89.3
EVT-0086-SKU-010,2026-06-24,SKU-010,WH-003,DELIVERY,40,203.08
EVT-0086-SKU-011,2026-06-24,SKU-011,WH-002,DELIVERY,34,110.71
EVT-0086-SKU-012,2026-06-24,SKU-012,WH-002,DELIVERY,200,144.0
EVT-0086-SKU-013,2026-06-24,SKU-013,WH-002,DELIVERY,36,413.31
EVT-0086-SKU-014,2026-06-24,SKU-014,WH-002,DELIVERY,52,242.1
EVT-0086-SKU-015,2026-06-24,SKU-015,WH-002,DELIVERY,39,366.24
EVT-0086-SKU-016,2026-06-24,SKU-016,WH-001,DELIVERY,38,101.49
EVT-0086-SKU-017,2026-06-24,SKU-017,WH-003,DELIVERY,38,476.25
EVT-0086-SKU-018,2026-06-24,SKU-018,WH-001,DELIVERY,42,293.06
EVT-0086-SKU-019,2026-06-24,SKU-019,WH-002,DELIVERY,40,373.96
EVT-0086-SKU-020,2026-06-24,SKU-020,WH-001,DELIVERY,19,89.62
EVT-0087-SKU-001,2026-06-25,SKU-001,WH-001,DELIVERY,47,148.79
EVT-0087-SKU-002,2026-06-25,SKU-002,WH-002,DELIVERY,51,379.22
EVT-0087-SKU-003,2026-06-25,SKU-003,WH-002,DELIVERY,36,153.96
EVT-0087-SKU-004,2026-06-25,SKU-004,WH-003,DELIVERY,53,154.75
EVT-0087-SKU-005,2026-06-25,SKU-005,WH-002,DELIVERY,49,131.27
EVT-0087-SKU-006,2026-06-25,SKU-006,WH-003,DELIVERY,39,321.11
EVT-0087-SKU-007,2026-06-25,SKU-007,WH-003,DELIVERY,35,224.59
EVT-0087-SKU-008,2026-06-25,SKU-008,WH-001,DELIVERY,35,236.1
EVT-0087-SKU-009,2026-06-25,SKU-009,WH-001,DELIVERY,47,362.07
EVT-0087-SKU-010,2026-06-25,SKU-010,WH-001,DELIVERY,31,260.43
EVT-0087-SKU-011,2026-06-25,SKU-011,WH-003,DELIVERY,45,473.78
EVT-0087-SKU-012,2026-06-25,SKU-012,WH-001,DELIVERY,41,61.88
EVT-0087-SKU-013,2026-06-25,SKU-013,WH-001,DELIVERY,58,257.15
EVT-0087-SKU-014,2026-06-25,SKU-014,WH-002,DELIVERY,46,476.23
EVT-0087-SKU-015,2026-06-25,SKU-015,WH-002,DELIVERY,152,192.36
EVT-0087-SKU-016,2026-06-25,SKU-016,WH-003,DELIVERY,45,283.28
EVT-0087-SKU-017,2026-06-25,SKU-017,WH-001,DELIVERY,35,448.11
EVT-0087-SKU-018,2026-06-25,SKU-018,WH-003,DELIVERY,33,95.36
EVT-0087-SKU-019,2026-06-25,SKU-019,WH-001,DELIVERY,32,291.43
EVT-0087-SKU-020,2026-06-25,SKU-020,WH-002,DELIVERY,13,495.24
EVT-0088-SKU-001,2026-06-26,SKU-001,WH-003,DELIVERY,39,293.23
EVT-0088-SKU-002,2026-06-26,SKU-002,WH-003,DELIVERY,36,451.66
EVT-0088-SKU-003,2026-06-26,SKU-003,WH-003,DELIVERY,34,232.74
EVT-0088-SKU-004,2026-06-26,SKU-004,WH-001,DELIVERY,14,360.48
EVT-0088-SKU-005,2026-06-26,SKU-005,WH-002,DELIVERY,54,359.15
REC-0088-SKU-005,2026-06-26,SKU-005,WH-002,RECEIPT,206,354.96
EVT-0088-SKU-006,2026-06-26,SKU-006,WH-003,DELIVERY,44,116.14
REC-0088-SKU-006,2026-06-26,SKU-006,WH-003,RECEIPT,223,398.51
EVT-0088-SKU-007,2026-06-26,SKU-007,WH-002,DELIVERY,132,312.37
EVT-0088-SKU-008,2026-06-26,SKU-008,WH-003,DELIVERY,34,365.57
EVT-0088-SKU-009,2026-06-26,SKU-009,WH-002,DELIVERY,46,94.79
REC-0088-SKU-009,2026-06-26,SKU-009,WH-002,RECEIPT,91,285.44
EVT-0088-SKU-010,2026-06-26,SKU-010,WH-002,DELIVERY,31,108.14
EVT-0088-SKU-011,2026-06-26,SKU-011,WH-001,DELIVERY,37,154.54
REC-0088-SKU-011,2026-06-26,SKU-011,WH-001,RECEIPT,216,93.45
EVT-0088-SKU-012,2026-06-26,SKU-012,WH-003,DELIVERY,61,318.37
EVT-0088-SKU-013,2026-06-26,SKU-013,WH-002,DELIVERY,56,372.16
REC-0088-SKU-013,2026-06-26,SKU-013,WH-002,RECEIPT,236,175.65
EVT-0088-SKU-014,2026-06-26,SKU-014,WH-001,DELIVERY,49,44.79
EVT-0088-SKU-015,2026-06-26,SKU-015,WH-001,DELIVERY,38,47.19
EVT-0088-SKU-016,2026-06-26,SKU-016,WH-003,DELIVERY,30,215.71
EVT-0088-SKU-017,2026-06-26,SKU-017,WH-003,DELIVERY,29,141.49
EVT-0088-SKU-018,2026-06-26,SKU-018,WH-001,DELIVERY,28,411.56
REC-0088-SKU-018,2026-06-26,SKU-018,WH-001,RECEIPT,119,245.19
EVT-0088-SKU-019,2026-06-26,SKU-019,WH-003,DELIVERY,38,83.1
EVT-0088-SKU-020,2026-06-26,SKU-020,WH-002,DELIVERY,28,436.68
REC-0088-SKU-020,2026-06-26,SKU-020,WH-002,RECEIPT,225,265.64
EVT-0089-SKU-001,2026-06-27,SKU-001,WH-003,DELIVERY,44,447.22
EVT-0089-SKU-002,2026-06-27,SKU-002,WH-003,DELIVERY,48,71.95
EVT-0089-SKU-003,2026-06-27,SKU-003,WH-002,DELIVERY,40,86.11
EVT-0089-SKU-004,2026-06-27,SKU-004,WH-003,DELIVERY,66,45.42
EVT-0089-SKU-005,2026-06-27,SKU-005,WH-002,DELIVERY,105,100.8
EVT-0089-SKU-006,2026-06-27,SKU-006,WH-002,DELIVERY,43,328.6
EVT-0089-SKU-007,2026-06-27,SKU-007,WH-001,DELIVERY,45,195.66
EVT-0089-SKU-008,2026-06-27,SKU-008,WH-001,DELIVERY,38,389.45
EVT-0089-SKU-009,2026-06-27,SKU-009,WH-001,DELIVERY,35,290.02
EVT-0089-SKU-010,2026-06-27,SKU-010,WH-003,DELIVERY,52,49.76
EVT-0089-SKU-011,2026-06-27,SKU-011,WH-001,DELIVERY,34,231.03
EVT-0089-SKU-012,2026-06-27,SKU-012,WH-001,DELIVERY,38,236.48
EVT-0089-SKU-013,2026-06-27,SKU-013,WH-002,DELIVERY,35,216.98
EVT-0089-SKU-014,2026-06-27,SKU-014,WH-002,DELIVERY,32,90.66
EVT-0089-SKU-015,2026-06-27,SKU-015,WH-002,DELIVERY,29,464.73
EVT-0089-SKU-016,2026-06-27,SKU-016,WH-001,DELIVERY,52,121.91
EVT-0089-SKU-017,2026-06-27,SKU-017,WH-003,DELIVERY,45,356.09
EVT-0089-SKU-018,2026-06-27,SKU-018,WH-002,DELIVERY,51,164.7
EVT-0089-SKU-019,2026-06-27,SKU-019,WH-003,DELIVERY,33,407.39
EVT-0089-SKU-020,2026-06-27,SKU-020,WH-001,DELIVERY,46,107.43
EVT-0090-SKU-001,2026-06-28,SKU-001,WH-002,DELIVERY,19,414.74
REC-0090-SKU-001,2026-06-28,SKU-001,WH-002,RECEIPT,227,236.63
EVT-0090-SKU-002,2026-06-28,SKU-002,WH-003,DELIVERY,47,81.61
EVT-0090-SKU-003,2026-06-28,SKU-003,WH-001,DELIVERY,41,261.39
EVT-0090-SKU-004,2026-06-28,SKU-004,WH-003,DELIVERY,28,193.39
EVT-0090-SKU-005,2026-06-28,SKU-005,WH-002,DELIVERY,27,284.94
EVT-0090-SKU-006,2026-06-28,SKU-006,WH-002,DELIVERY,46,368.86
EVT-0090-SKU-007,2026-06-28,SKU-007,WH-003,DELIVERY,49,431.27
REC-0090-SKU-007,2026-06-28,SKU-007,WH-003,RECEIPT,222,258.01
EVT-0090-SKU-008,2026-06-28,SKU-008,WH-001,DELIVERY,45,67.41
REC-0090-SKU-008,2026-06-28,SKU-008,WH-001,RECEIPT,172,430.43
EVT-0090-SKU-009,2026-06-28,SKU-009,WH-001,DELIVERY,38,487.04
EVT-0090-SKU-010,2026-06-28,SKU-010,WH-001,DELIVERY,46,143.31
EVT-0090-SKU-011,2026-06-28,SKU-011,WH-001,DELIVERY,58,52.12
EVT-0090-SKU-012,2026-06-28,SKU-012,WH-002,DELIVERY,35,88.76
REC-0090-SKU-012,2026-06-28,SKU-012,WH-002,RECEIPT,202,425.22
EVT-0090-SKU-013,2026-06-28,SKU-013,WH-001,DELIVERY,51,75.45
EVT-0090-SKU-014,2026-06-28,SKU-014,WH-001,DELIVERY,42,256.09
EVT-0090-SKU-015,2026-06-28,SKU-015,WH-003,DELIVERY,11,372.38
EVT-0090-SKU-016,2026-06-28,SKU-016,WH-003,DELIVERY,34,171.91
EVT-0090-SKU-017,2026-06-28,SKU-017,WH-001,DELIVERY,42,271.52
REC-0090-SKU-017,2026-06-28,SKU-017,WH-001,RECEIPT,181,423.03
EVT-0090-SKU-018,2026-06-28,SKU-018,WH-003,DELIVERY,37,248.98
REC-0090-SKU-018,2026-06-28,SKU-018,WH-003,RECEIPT,226,270.86
EVT-0090-SKU-019,2026-06-28,SKU-019,WH-003,DELIVERY,43,82.29
EVT-0090-SKU-020,2026-06-28,SKU-020,WH-001,DELIVERY,67,224.19
REC-0090-SKU-020,2026-06-28,SKU-020,WH-001,RECEIPT,136,220.45
EVT-0091-SKU-001,2026-06-29,SKU-001,WH-003,DELIVERY,56,358.52
EVT-0091-SKU-002,2026-06-29,SKU-002,WH-002,DELIVERY,37,226.35
EVT-0091-SKU-003,2026-06-29,SKU-003,WH-001,DELIVERY,50,164.16
EVT-0091-SKU-004,2026-06-29,SKU-004,WH-001,DELIVERY,43,398.25
EVT-0091-SKU-005,2026-06-29,SKU-005,WH-001,DELIVERY,40,137.48
EVT-0091-SKU-006,2026-06-29,SKU-006,WH-002,DELIVERY,47,132.79
EVT-0091-SKU-007,2026-06-29,SKU-007,WH-001,DELIVERY,36,299.32
EVT-0091-SKU-008,2026-06-29,SKU-008,WH-001,DELIVERY,72,82.88
EVT-0091-SKU-009,2026-06-29,SKU-009,WH-001,DELIVERY,59,270.1
EVT-0091-SKU-010,2026-06-29,SKU-010,WH-002,DELIVERY,37,487.97
EVT-0091-SKU-011,2026-06-29,SKU-011,WH-002,DELIVERY,23,411.45
REC-0091-SKU-011,2026-06-29,SKU-011,WH-002,RECEIPT,86,310.1
EVT-0091-SKU-012,2026-06-29,SKU-012,WH-002,DELIVERY,50,439.65
EVT-0091-SKU-013,2026-06-29,SKU-013,WH-002,DELIVERY,49,327.94
EVT-0091-SKU-014,2026-06-29,SKU-014,WH-001,DELIVERY,55,340.94
REC-0091-SKU-014,2026-06-29,SKU-014,WH-001,RECEIPT,208,277.5
EVT-0091-SKU-015,2026-06-29,SKU-015,WH-003,DELIVERY,28,245.84
REC-0091-SKU-015,2026-06-29,SKU-015,WH-003,RECEIPT,166,173.79
EVT-0091-SKU-016,2026-06-29,SKU-016,WH-003,DELIVERY,30,238.21
EVT-0091-SKU-017,2026-06-29,SKU-017,WH-001,DELIVERY,44,110.1
EVT-0091-SKU-018,2026-06-29,SKU-018,WH-001,DELIVERY,55,105.61
EVT-0091-SKU-019,2026-06-29,SKU-019,WH-003,DELIVERY,54,269.5
EVT-0091-SKU-020,2026-06-29,SKU-020,WH-002,DELIVERY,24,175.98
EVT-0092-SKU-001,2026-06-30,SKU-001,WH-002,DELIVERY,30,366.9
EVT-0092-SKU-002,2026-06-30,SKU-002,WH-002,DELIVERY,34,490.1
EVT-0092-SKU-003,2026-06-30,SKU-003,WH-003,DELIVERY,65,264.6
EVT-0092-SKU-004,2026-06-30,SKU-004,WH-002,DELIVERY,26,434.22
EVT-0092-SKU-005,2026-06-30,SKU-005,WH-002,DELIVERY,24,211.89
EVT-0092-SKU-006,2026-06-30,SKU-006,WH-003,DELIVERY,57,443.61
EVT-0092-SKU-007,2026-06-30,SKU-007,WH-003,DELIVERY,44,361.88
EVT-0092-SKU-008,2026-06-30,SKU-008,WH-001,DELIVERY,39,173.7
EVT-0092-SKU-009,2026-06-30,SKU-009,WH-003,DELIVERY,36,252.65
EVT-0092-SKU-010,2026-06-30,SKU-010,WH-002,DELIVERY,42,335.54
EVT-0092-SKU-011,2026-06-30,SKU-011,WH-001,DELIVERY,56,464.35
EVT-0092-SKU-012,2026-06-30,SKU-012,WH-001,DELIVERY,49,69.66
EVT-0092-SKU-013,2026-06-30,SKU-013,WH-003,DELIVERY,21,168.05
EVT-0092-SKU-014,2026-06-30,SKU-014,WH-003,DELIVERY,41,256.19
EVT-0092-SKU-015,2026-06-30,SKU-015,WH-002,DELIVERY,7,68.7
EVT-0092-SKU-016,2026-06-30,SKU-016,WH-002,DELIVERY,25,138.17
EVT-0092-SKU-017,2026-06-30,SKU-017,WH-001,DELIVERY,57,332.42
EVT-0092-SKU-018,2026-06-30,SKU-018,WH-001,DELIVERY,34,226.33
EVT-0092-SKU-019,2026-06-30,SKU-019,WH-003,DELIVERY,28,450.81
EVT-0092-SKU-020,2026-06-30,SKU-020,WH-001,DELIVERY,43,454.76
EVT-0093-SKU-001,2026-07-01,SKU-001,WH-002,DELIVERY,45,258.73
EVT-0093-SKU-002,2026-07-01,SKU-002,WH-003,DELIVERY,49,459.79
EVT-0093-SKU-003,2026-07-01,SKU-003,WH-001,DELIVERY,16,372.45
EVT-0093-SKU-004,2026-07-01,SKU-004,WH-002,DELIVERY,30,418.81
EVT-0093-SKU-005,2026-07-01,SKU-005,WH-001,DELIVERY,47,437.58
EVT-0093-SKU-006,2026-07-01,SKU-006,WH-003,DELIVERY,50,279.52
EVT-0093-SKU-007,2026-07-01,SKU-007,WH-002,DELIVERY,62,333.9
EVT-0093-SKU-008,2026-07-01,SKU-008,WH-001,DELIVERY,31,490.35
EVT-0093-SKU-009,2026-07-01,SKU-009,WH-003,DELIVERY,33,200.12
EVT-0093-SKU-010,2026-07-01,SKU-010,WH-003,DELIVERY,37,46.61
EVT-0093-SKU-011,2026-07-01,SKU-011,WH-001,DELIVERY,36,97.38
EVT-0093-SKU-012,2026-07-01,SKU-012,WH-003,DELIVERY,49,230.46
EVT-0093-SKU-013,2026-07-01,SKU-013,WH-002,DELIVERY,45,194.48
EVT-0093-SKU-014,2026-07-01,SKU-014,WH-002,DELIVERY,28,121.37
EVT-0093-SKU-015,2026-07-01,SKU-015,WH-003,DELIVERY,30,352.93
EVT-0093-SKU-016,2026-07-01,SKU-016,WH-003,DELIVERY,43,465.56
EVT-0093-SKU-017,2026-07-01,SKU-017,WH-001,DELIVERY,41,323.48
EVT-0093-SKU-018,2026-07-01,SKU-018,WH-001,DELIVERY,34,385.79
EVT-0093-SKU-019,2026-07-01,SKU-019,WH-003,DELIVERY,25,173.36
EVT-0093-SKU-020,2026-07-01,SKU-020,WH-001,DELIVERY,45,249.13
EVT-0094-SKU-001,2026-07-02,SKU-001,WH-001,DELIVERY,44,485.1
EVT-0094-SKU-002,2026-07-02,SKU-002,WH-002,DELIVERY,52,336.64
EVT-0094-SKU-003,2026-07-02,SKU-003,WH-001,DELIVERY,59,163.1
EVT-0094-SKU-004,2026-07-02,SKU-004,WH-002,DELIVERY,32,405.76
EVT-0094-SKU-005,2026-07-02,SKU-005,WH-003,DELIVERY,41,47.14
EVT-0094-SKU-006,2026-07-02,SKU-006,WH-002,DELIVERY,65,278.72
EVT-0094-SKU-007,2026-07-02,SKU-007,WH-002,DELIVERY,47,295.64
EVT-0094-SKU-008,2026-07-02,SKU-008,WH-001,DELIVERY,53,220.93
EVT-0094-SKU-009,2026-07-02,SKU-009,WH-003,DELIVERY,14,374.93
EVT-0094-SKU-010,2026-07-02,SKU-010,WH-002,DELIVERY,52,241.2
EVT-0094-SKU-011,2026-07-02,SKU-011,WH-003,DELIVERY,44,400.77
EVT-0094-SKU-012,2026-07-02,SKU-012,WH-003,DELIVERY,26,188.31
EVT-0094-SKU-013,2026-07-02,SKU-013,WH-001,DELIVERY,41,110.4
EVT-0094-SKU-014,2026-07-02,SKU-014,WH-003,DELIVERY,40,381.48
EVT-0094-SKU-015,2026-07-02,SKU-015,WH-002,DELIVERY,26,340.16
EVT-0094-SKU-016,2026-07-02,SKU-016,WH-002,DELIVERY,24,426.61
EVT-0094-SKU-017,2026-07-02,SKU-017,WH-002,DELIVERY,34,328.62
EVT-0094-SKU-018,2026-07-02,SKU-018,WH-001,DELIVERY,31,314.11
EVT-0094-SKU-019,2026-07-02,SKU-019,WH-001,DELIVERY,34,267.35
EVT-0094-SKU-020,2026-07-02,SKU-020,WH-001,DELIVERY,64,265.88
EVT-0095-SKU-001,2026-07-03,SKU-001,WH-002,DELIVERY,67,356.17
EVT-0095-SKU-002,2026-07-03,SKU-002,WH-002,DELIVERY,53,247.4
EVT-0095-SKU-003,2026-07-03,SKU-003,WH-001,DELIVERY,32,330.36
REC-0095-SKU-003,2026-07-03,SKU-003,WH-001,RECEIPT,110,488.92
EVT-0095-SKU-004,2026-07-03,SKU-004,WH-002,DELIVERY,64,322.44
REC-0095-SKU-004,2026-07-03,SKU-004,WH-002,RECEIPT,120,280.0
EVT-0095-SKU-005,2026-07-03,SKU-005,WH-002,DELIVERY,47,50.6
EVT-0095-SKU-006,2026-07-03,SKU-006,WH-001,DELIVERY,36,92.8
EVT-0095-SKU-007,2026-07-03,SKU-007,WH-001,DELIVERY,36,472.33
EVT-0095-SKU-008,2026-07-03,SKU-008,WH-002,DELIVERY,47,478.49
EVT-0095-SKU-009,2026-07-03,SKU-009,WH-003,DELIVERY,30,268.07
EVT-0095-SKU-010,2026-07-03,SKU-010,WH-001,DELIVERY,36,131.02
EVT-0095-SKU-011,2026-07-03,SKU-011,WH-002,DELIVERY,57,116.2
EVT-0095-SKU-012,2026-07-03,SKU-012,WH-003,DELIVERY,52,446.11
EVT-0095-SKU-013,2026-07-03,SKU-013,WH-003,DELIVERY,39,319.36
EVT-0095-SKU-014,2026-07-03,SKU-014,WH-001,DELIVERY,17,212.02
EVT-0095-SKU-015,2026-07-03,SKU-015,WH-002,DELIVERY,41,309.96
EVT-0095-SKU-016,2026-07-03,SKU-016,WH-003,DELIVERY,42,336.75
EVT-0095-SKU-017,2026-07-03,SKU-017,WH-002,DELIVERY,47,403.81
EVT-0095-SKU-018,2026-07-03,SKU-018,WH-001,DELIVERY,41,342.2
EVT-0095-SKU-019,2026-07-03,SKU-019,WH-001,DELIVERY,41,45.01
EVT-0095-SKU-020,2026-07-03,SKU-020,WH-001,DELIVERY,33,405.81
EVT-0096-SKU-001,2026-07-04,SKU-001,WH-003,DELIVERY,48,140.03
EVT-0096-SKU-002,2026-07-04,SKU-002,WH-003,DELIVERY,43,446.35
REC-0096-SKU-002,2026-07-04,SKU-002,WH-003,RECEIPT,226,450.63
EVT-0096-SKU-003,2026-07-04,SKU-003,WH-002,DELIVERY,34,131.15
EVT-0096-SKU-004,2026-07-04,SKU-004,WH-002,DELIVERY,28,495.52
EVT-0096-SKU-005,2026-07-04,SKU-005,WH-001,DELIVERY,45,216.11
EVT-0096-SKU-006,2026-07-04,SKU-006,WH-002,DELIVERY,135,459.36
EVT-0096-SKU-007,2026-07-04,SKU-007,WH-001,DELIVERY,46,462.3
EVT-0096-SKU-008,2026-07-04,SKU-008,WH-002,DELIVERY,29,71.95
REC-0096-SKU-008,2026-07-04,SKU-008,WH-002,RECEIPT,186,372.7
EVT-0096-SKU-009,2026-07-04,SKU-009,WH-002,DELIVERY,35,396.32
REC-0096-SKU-009,2026-07-04,SKU-009,WH-002,RECEIPT,236,61.65
EVT-0096-SKU-010,2026-07-04,SKU-010,WH-002,DELIVERY,50,249.11
REC-0096-SKU-010,2026-07-04,SKU-010,WH-002,RECEIPT,175,471.34
EVT-0096-SKU-011,2026-07-04,SKU-011,WH-001,DELIVERY,129,497.03
EVT-0096-SKU-012,2026-07-04,SKU-012,WH-001,DELIVERY,40,127.93
EVT-0096-SKU-013,2026-07-04,SKU-013,WH-003,DELIVERY,67,159.46
EVT-0096-SKU-014,2026-07-04,SKU-014,WH-001,DELIVERY,38,179.97
EVT-0096-SKU-015,2026-07-04,SKU-015,WH-002,DELIVERY,31,361.39
EVT-0096-SKU-016,2026-07-04,SKU-016,WH-003,DELIVERY,20,98.09
EVT-0096-SKU-017,2026-07-04,SKU-017,WH-003,DELIVERY,63,245.52
REC-0096-SKU-017,2026-07-04,SKU-017,WH-003,RECEIPT,213,282.69
EVT-0096-SKU-018,2026-07-04,SKU-018,WH-003,DELIVERY,19,265.45
EVT-0096-SKU-019,2026-07-04,SKU-019,WH-002,DELIVERY,41,392.45
REC-0096-SKU-019,2026-07-04,SKU-019,WH-002,RECEIPT,170,296.92
EVT-0096-SKU-020,2026-07-04,SKU-020,WH-001,DELIVERY,26,378.22
REC-0096-SKU-020,2026-07-04,SKU-020,WH-001,RECEIPT,99,74.57
EVT-0097-SKU-001,2026-07-05,SKU-001,WH-002,DELIVERY,41,416.52
EVT-0097-SKU-002,2026-07-05,SKU-002,WH-002,DELIVERY,40,135.98
EVT-0097-SKU-003,2026-07-05,SKU-003,WH-002,DELIVERY,35,88.6
EVT-0097-SKU-004,2026-07-05,SKU-004,WH-001,DELIVERY,23,217.36
EVT-0097-SKU-005,2026-07-05,SKU-005,WH-003,DELIVERY,19,167.81
EVT-0097-SKU-006,2026-07-05,SKU-006,WH-003,DELIVERY,38,440.12
EVT-0097-SKU-007,2026-07-05,SKU-007,WH-001,DELIVERY,34,47.63
EVT-0097-SKU-008,2026-07-05,SKU-008,WH-001,DELIVERY,41,259.07
EVT-0097-SKU-009,2026-07-05,SKU-009,WH-002,DELIVERY,37,238.48
EVT-0097-SKU-010,2026-07-05,SKU-010,WH-002,DELIVERY,67,273.65
EVT-0097-SKU-011,2026-07-05,SKU-011,WH-002,DELIVERY,39,376.72
EVT-0097-SKU-012,2026-07-05,SKU-012,WH-001,DELIVERY,45,225.24
EVT-0097-SKU-013,2026-07-05,SKU-013,WH-003,DELIVERY,28,62.94
EVT-0097-SKU-014,2026-07-05,SKU-014,WH-001,DELIVERY,30,64.44
EVT-0097-SKU-015,2026-07-05,SKU-015,WH-003,DELIVERY,39,144.17
EVT-0097-SKU-016,2026-07-05,SKU-016,WH-002,DELIVERY,44,141.15
EVT-0097-SKU-017,2026-07-05,SKU-017,WH-002,DELIVERY,45,172.48
EVT-0097-SKU-018,2026-07-05,SKU-018,WH-003,DELIVERY,240,271.49
EVT-0097-SKU-019,2026-07-05,SKU-019,WH-003,DELIVERY,31,184.95
EVT-0097-SKU-020,2026-07-05,SKU-020,WH-001,DELIVERY,64,453.94
EVT-0098-SKU-001,2026-07-06,SKU-001,WH-001,DELIVERY,33,488.21
EVT-0098-SKU-002,2026-07-06,SKU-002,WH-001,DELIVERY,29,432.42
EVT-0098-SKU-003,2026-07-06,SKU-003,WH-002,DELIVERY,27,90.32
EVT-0098-SKU-004,2026-07-06,SKU-004,WH-003,DELIVERY,33,173.7
EVT-0098-SKU-005,2026-07-06,SKU-005,WH-003,DELIVERY,19,86.0
EVT-0098-SKU-006,2026-07-06,SKU-006,WH-002,DELIVERY,39,201.36
EVT-0098-SKU-007,2026-07-06,SKU-007,WH-003,DELIVERY,140,178.52
EVT-0098-SKU-008,2026-07-06,SKU-008,WH-003,DELIVERY,40,434.2
EVT-0098-SKU-009,2026-07-06,SKU-009,WH-001,DELIVERY,38,108.03
EVT-0098-SKU-010,2026-07-06,SKU-010,WH-001,DELIVERY,54,105.15
EVT-0098-SKU-011,2026-07-06,SKU-011,WH-001,DELIVERY,40,205.33
EVT-0098-SKU-012,2026-07-06,SKU-012,WH-001,DELIVERY,59,213.78
EVT-0098-SKU-013,2026-07-06,SKU-013,WH-002,DELIVERY,52,246.66
REC-0098-SKU-013,2026-07-06,SKU-013,WH-002,RECEIPT,147,458.75
EVT-0098-SKU-014,2026-07-06,SKU-014,WH-002,DELIVERY,27,219.87
EVT-0098-SKU-015,2026-07-06,SKU-015,WH-002,DELIVERY,38,197.91
EVT-0098-SKU-016,2026-07-06,SKU-016,WH-002,DELIVERY,43,300.66
EVT-0098-SKU-017,2026-07-06,SKU-017,WH-002,DELIVERY,41,107.68
REC-0098-SKU-017,2026-07-06,SKU-017,WH-002,RECEIPT,213,484.67
EVT-0098-SKU-018,2026-07-06,SKU-018,WH-003,DELIVERY,40,114.8
EVT-0098-SKU-019,2026-07-06,SKU-019,WH-002,DELIVERY,49,139.97
EVT-0098-SKU-020,2026-07-06,SKU-020,WH-001,DELIVERY,43,42.34
EVT-0099-SKU-001,2026-07-07,SKU-001,WH-003,DELIVERY,41,444.21
EVT-0099-SKU-002,2026-07-07,SKU-002,WH-001,DELIVERY,36,105.62
EVT-0099-SKU-003,2026-07-07,SKU-003,WH-002,DELIVERY,35,257.66
EVT-0099-SKU-004,2026-07-07,SKU-004,WH-001,DELIVERY,37,333.04
REC-0099-SKU-004,2026-07-07,SKU-004,WH-001,RECEIPT,182,484.78
EVT-0099-SKU-005,2026-07-07,SKU-005,WH-001,DELIVERY,61,119.72
REC-0099-SKU-005,2026-07-07,SKU-005,WH-001,RECEIPT,162,410.01
EVT-0099-SKU-006,2026-07-07,SKU-006,WH-001,DELIVERY,23,131.77
EVT-0099-SKU-007,2026-07-07,SKU-007,WH-002,DELIVERY,30,300.67
EVT-0099-SKU-008,2026-07-07,SKU-008,WH-003,DELIVERY,36,399.91
REC-0099-SKU-008,2026-07-07,SKU-008,WH-003,RECEIPT,104,103.76
EVT-0099-SKU-009,2026-07-07,SKU-009,WH-002,DELIVERY,35,204.48
EVT-0099-SKU-010,2026-07-07,SKU-010,WH-002,DELIVERY,26,482.27
EVT-0099-SKU-011,2026-07-07,SKU-011,WH-001,DELIVERY,42,80.68
EVT-0099-SKU-012,2026-07-07,SKU-012,WH-003,DELIVERY,38,401.85
EVT-0099-SKU-013,2026-07-07,SKU-013,WH-001,DELIVERY,21,64.63
REC-0099-SKU-013,2026-07-07,SKU-013,WH-001,RECEIPT,112,225.35
EVT-0099-SKU-014,2026-07-07,SKU-014,WH-001,DELIVERY,22,390.98
EVT-0099-SKU-015,2026-07-07,SKU-015,WH-001,DELIVERY,48,89.24
EVT-0099-SKU-016,2026-07-07,SKU-016,WH-002,DELIVERY,44,357.67
EVT-0099-SKU-017,2026-07-07,SKU-017,WH-001,DELIVERY,38,64.39
EVT-0099-SKU-018,2026-07-07,SKU-018,WH-003,DELIVERY,22,380.6
EVT-0099-SKU-019,2026-07-07,SKU-019,WH-001,DELIVERY,42,178.41
REC-0099-SKU-019,2026-07-07,SKU-019,WH-001,RECEIPT,81,410.58
EVT-0099-SKU-020,2026-07-07,SKU-020,WH-003,DELIVERY,57,92.77
EVT-0100-SKU-001,2026-07-08,SKU-001,WH-001,DELIVERY,35,133.98
EVT-0100-SKU-002,2026-07-08,SKU-002,WH-001,DELIVERY,36,244.16
REC-0100-SKU-002,2026-07-08,SKU-002,WH-001,RECEIPT,111,177.96
EVT-0100-SKU-003,2026-07-08,SKU-003,WH-002,DELIVERY,62,291.49
EVT-0100-SKU-004,2026-07-08,SKU-004,WH-003,DELIVERY,37,238.88
REC-0100-SKU-004,2026-07-08,SKU-004,WH-003,RECEIPT,127,105.18
EVT-0100-SKU-005,2026-07-08,SKU-005,WH-003,DELIVERY,35,291.47
EVT-0100-SKU-006,2026-07-08,SKU-006,WH-002,DELIVERY,33,347.07
EVT-0100-SKU-007,2026-07-08,SKU-007,WH-002,DELIVERY,34,89.37
EVT-0100-SKU-008,2026-07-08,SKU-008,WH-002,DELIVERY,29,170.37
EVT-0100-SKU-009,2026-07-08,SKU-009,WH-003,DELIVERY,27,339.19
EVT-0100-SKU-010,2026-07-08,SKU-010,WH-001,DELIVERY,50,203.17
EVT-0100-SKU-011,2026-07-08,SKU-011,WH-002,DELIVERY,196,204.56
EVT-0100-SKU-012,2026-07-08,SKU-012,WH-002,DELIVERY,31,281.53
EVT-0100-SKU-013,2026-07-08,SKU-013,WH-001,DELIVERY,33,196.07
EVT-0100-SKU-014,2026-07-08,SKU-014,WH-002,DELIVERY,30,342.88
EVT-0100-SKU-015,2026-07-08,SKU-015,WH-001,DELIVERY,54,257.01
EVT-0100-SKU-016,2026-07-08,SKU-016,WH-003,DELIVERY,31,273.21
EVT-0100-SKU-017,2026-07-08,SKU-017,WH-001,DELIVERY,34,308.87
EVT-0100-SKU-018,2026-07-08,SKU-018,WH-001,DELIVERY,24,431.93
EVT-0100-SKU-019,2026-07-08,SKU-019,WH-001,DELIVERY,44,259.15
EVT-0100-SKU-020,2026-07-08,SKU-020,WH-003,DELIVERY,43,88.5
EVT-0101-SKU-001,2026-07-09,SKU-001,WH-003,DELIVERY,55,69.61
EVT-0101-SKU-002,2026-07-09,SKU-002,WH-001,DELIVERY,27,384.97
EVT-0101-SKU-003,2026-07-09,SKU-003,WH-002,DELIVERY,21,187.73
EVT-0101-SKU-004,2026-07-09,SKU-004,WH-002,DELIVERY,25,333.2
EVT-0101-SKU-005,2026-07-09,SKU-005,WH-001,DELIVERY,39,132.55
EVT-0101-SKU-006,2026-07-09,SKU-006,WH-002,DELIVERY,52,411.99
EVT-0101-SKU-007,2026-07-09,SKU-007,WH-001,DELIVERY,25,133.63
EVT-0101-SKU-008,2026-07-09,SKU-008,WH-001,DELIVERY,31,227.69
EVT-0101-SKU-009,2026-07-09,SKU-009,WH-002,DELIVERY,47,335.43
EVT-0101-SKU-010,2026-07-09,SKU-010,WH-001,DELIVERY,57,302.37
EVT-0101-SKU-011,2026-07-09,SKU-011,WH-003,DELIVERY,30,103.42
EVT-0101-SKU-012,2026-07-09,SKU-012,WH-002,DELIVERY,53,213.01
EVT-0101-SKU-013,2026-07-09,SKU-013,WH-003,DELIVERY,58,94.25
EVT-0101-SKU-014,2026-07-09,SKU-014,WH-001,DELIVERY,49,192.22
EVT-0101-SKU-015,2026-07-09,SKU-015,WH-002,DELIVERY,48,71.26
EVT-0101-SKU-016,2026-07-09,SKU-016,WH-002,DELIVERY,35,304.66
EVT-0101-SKU-017,2026-07-09,SKU-017,WH-002,DELIVERY,28,308.08
EVT-0101-SKU-018,2026-07-09,SKU-018,WH-003,DELIVERY,29,195.5
EVT-0101-SKU-019,2026-07-09,SKU-019,WH-001,DELIVERY,29,291.66
EVT-0101-SKU-020,2026-07-09,SKU-020,WH-003,DELIVERY,57,68.67
EVT-0102-SKU-001,2026-07-10,SKU-001,WH-001,DELIVERY,45,424.1
EVT-0102-SKU-002,2026-07-10,SKU-002,WH-002,DELIVERY,25,476.96
REC-0102-SKU-002,2026-07-10,SKU-002,WH-002,RECEIPT,221,260.23
EVT-0102-SKU-003,2026-07-10,SKU-003,WH-001,DELIVERY,39,273.5
EVT-0102-SKU-004,2026-07-10,SKU-004,WH-002,DELIVERY,43,399.51
EVT-0102-SKU-005,2026-07-10,SKU-005,WH-001,DELIVERY,42,130.24
EVT-0102-SKU-006,2026-07-10,SKU-006,WH-003,DELIVERY,38,48.32
EVT-0102-SKU-007,2026-07-10,SKU-007,WH-001,DELIVERY,31,362.62
EVT-0102-SKU-008,2026-07-10,SKU-008,WH-001,DELIVERY,47,452.69
EVT-0102-SKU-009,2026-07-10,SKU-009,WH-002,DELIVERY,44,146.74
EVT-0102-SKU-010,2026-07-10,SKU-010,WH-001,DELIVERY,52,386.18
EVT-0102-SKU-011,2026-07-10,SKU-011,WH-001,DELIVERY,46,66.06
EVT-0102-SKU-012,2026-07-10,SKU-012,WH-001,DELIVERY,33,184.5
EVT-0102-SKU-013,2026-07-10,SKU-013,WH-002,DELIVERY,48,342.03
REC-0102-SKU-013,2026-07-10,SKU-013,WH-002,RECEIPT,144,471.65
EVT-0102-SKU-014,2026-07-10,SKU-014,WH-001,DELIVERY,48,378.2
EVT-0102-SKU-015,2026-07-10,SKU-015,WH-001,DELIVERY,30,293.65
EVT-0102-SKU-016,2026-07-10,SKU-016,WH-003,DELIVERY,43,186.68
REC-0102-SKU-016,2026-07-10,SKU-016,WH-003,RECEIPT,93,199.45
EVT-0102-SKU-017,2026-07-10,SKU-017,WH-002,DELIVERY,35,133.64
EVT-0102-SKU-018,2026-07-10,SKU-018,WH-003,DELIVERY,23,381.28
EVT-0102-SKU-019,2026-07-10,SKU-019,WH-001,DELIVERY,24,489.84
EVT-0102-SKU-020,2026-07-10,SKU-020,WH-003,DELIVERY,55,478.4
EVT-0103-SKU-001,2026-07-11,SKU-001,WH-002,DELIVERY,44,178.19
EVT-0103-SKU-002,2026-07-11,SKU-002,WH-001,DELIVERY,31,320.48
EVT-0103-SKU-003,2026-07-11,SKU-003,WH-001,DELIVERY,47,134.64
EVT-0103-SKU-004,2026-07-11,SKU-004,WH-003,DELIVERY,31,64.04
EVT-0103-SKU-005,2026-07-11,SKU-005,WH-001,DELIVERY,29,320.02
EVT-0103-SKU-006,2026-07-11,SKU-006,WH-002,DELIVERY,37,311.84
EVT-0103-SKU-007,2026-07-11,SKU-007,WH-002,DELIVERY,37,400.0
EVT-0103-SKU-008,2026-07-11,SKU-008,WH-001,DELIVERY,23,478.14
EVT-0103-SKU-009,2026-07-11,SKU-009,WH-003,DELIVERY,24,278.7
EVT-0103-SKU-010,2026-07-11,SKU-010,WH-002,DELIVERY,43,496.6
EVT-0103-SKU-011,2026-07-11,SKU-011,WH-001,DELIVERY,48,166.22
EVT-0103-SKU-012,2026-07-11,SKU-012,WH-003,DELIVERY,34,302.7
EVT-0103-SKU-013,2026-07-11,SKU-013,WH-003,DELIVERY,38,340.39
EVT-0103-SKU-014,2026-07-11,SKU-014,WH-001,DELIVERY,49,343.96
EVT-0103-SKU-015,2026-07-11,SKU-015,WH-001,DELIVERY,111,484.31
EVT-0103-SKU-016,2026-07-11,SKU-016,WH-003,DELIVERY,40,140.21
EVT-0103-SKU-017,2026-07-11,SKU-017,WH-003,DELIVERY,48,184.45
EVT-0103-SKU-018,2026-07-11,SKU-018,WH-002,DELIVERY,36,392.35
EVT-0103-SKU-019,2026-07-11,SKU-019,WH-002,DELIVERY,44,107.57
EVT-0103-SKU-020,2026-07-11,SKU-020,WH-001,DELIVERY,35,57.71
EVT-0104-SKU-001,2026-07-12,SKU-001,WH-003,DELIVERY,33,477.78
EVT-0104-SKU-002,2026-07-12,SKU-002,WH-002,DELIVERY,265,288.6
EVT-0104-SKU-003,2026-07-12,SKU-003,WH-003,DELIVERY,40,92.06
EVT-0104-SKU-004,2026-07-12,SKU-004,WH-001,DELIVERY,45,302.37
EVT-0104-SKU-005,2026-07-12,SKU-005,WH-001,DELIVERY,24,190.21
EVT-0104-SKU-006,2026-07-12,SKU-006,WH-002,DELIVERY,20,452.8
EVT-0104-SKU-007,2026-07-12,SKU-007,WH-002,DELIVERY,49,209.42
EVT-0104-SKU-008,2026-07-12,SKU-008,WH-001,DELIVERY,36,51.75
REC-0104-SKU-008,2026-07-12,SKU-008,WH-001,RECEIPT,160,274.97
EVT-0104-SKU-009,2026-07-12,SKU-009,WH-003,DELIVERY,24,138.84
EVT-0104-SKU-010,2026-07-12,SKU-010,WH-003,DELIVERY,39,215.3
EVT-0104-SKU-011,2026-07-12,SKU-011,WH-001,DELIVERY,76,498.99
EVT-0104-SKU-012,2026-07-12,SKU-012,WH-003,DELIVERY,30,429.89
EVT-0104-SKU-013,2026-07-12,SKU-013,WH-003,DELIVERY,25,163.82
EVT-0104-SKU-014,2026-07-12,SKU-014,WH-001,DELIVERY,42,407.54
EVT-0104-SKU-015,2026-07-12,SKU-015,WH-001,DELIVERY,20,150.88
EVT-0104-SKU-016,2026-07-12,SKU-016,WH-002,DELIVERY,45,297.81
EVT-0104-SKU-017,2026-07-12,SKU-017,WH-002,DELIVERY,30,232.67
EVT-0104-SKU-018,2026-07-12,SKU-018,WH-003,DELIVERY,26,458.26
EVT-0104-SKU-019,2026-07-12,SKU-019,WH-003,DELIVERY,39,77.49
EVT-0104-SKU-020,2026-07-12,SKU-020,WH-003,DELIVERY,49,304.97
REC-0104-SKU-020,2026-07-12,SKU-020,WH-003,RECEIPT,126,443.15
EVT-0105-SKU-001,2026-07-13,SKU-001,WH-001,DELIVERY,46,367.24
EVT-0105-SKU-002,2026-07-13,SKU-002,WH-003,DELIVERY,50,439.95
EVT-0105-SKU-003,2026-07-13,SKU-003,WH-001,DELIVERY,26,438.76
EVT-0105-SKU-004,2026-07-13,SKU-004,WH-002,DELIVERY,6,225.07
EVT-0105-SKU-005,2026-07-13,SKU-005,WH-003,DELIVERY,37,194.85
EVT-0105-SKU-006,2026-07-13,SKU-006,WH-003,DELIVERY,50,379.82
EVT-0105-SKU-007,2026-07-13,SKU-007,WH-002,DELIVERY,54,240.42
EVT-0105-SKU-008,2026-07-13,SKU-008,WH-003,DELIVERY,30,124.39
EVT-0105-SKU-009,2026-07-13,SKU-009,WH-001,DELIVERY,52,338.73
EVT-0105-SKU-010,2026-07-13,SKU-010,WH-002,DELIVERY,30,273.99
EVT-0105-SKU-011,2026-07-13,SKU-011,WH-001,DELIVERY,41,278.13
EVT-0105-SKU-012,2026-07-13,SKU-012,WH-002,DELIVERY,53,186.55
REC-0105-SKU-012,2026-07-13,SKU-012,WH-002,RECEIPT,116,59.29
EVT-0105-SKU-013,2026-07-13,SKU-013,WH-003,DELIVERY,54,168.0
EVT-0105-SKU-014,2026-07-13,SKU-014,WH-001,DELIVERY,26,116.17
EVT-0105-SKU-015,2026-07-13,SKU-015,WH-002,DELIVERY,31,472.03
EVT-0105-SKU-016,2026-07-13,SKU-016,WH-003,DELIVERY,40,465.28
EVT-0105-SKU-017,2026-07-13,SKU-017,WH-001,DELIVERY,52,117.67
REC-0105-SKU-017,2026-07-13,SKU-017,WH-001,RECEIPT,218,287.44
EVT-0105-SKU-018,2026-07-13,SKU-018,WH-001,DELIVERY,144,209.99
EVT-0105-SKU-019,2026-07-13,SKU-019,WH-003,DELIVERY,28,248.77
EVT-0105-SKU-020,2026-07-13,SKU-020,WH-003,DELIVERY,45,428.58
EVT-0106-SKU-001,2026-07-14,SKU-001,WH-002,DELIVERY,34,168.09
EVT-0106-SKU-002,2026-07-14,SKU-002,WH-002,DELIVERY,40,382.37
EVT-0106-SKU-003,2026-07-14,SKU-003,WH-003,DELIVERY,46,248.59
EVT-0106-SKU-004,2026-07-14,SKU-004,WH-003,DELIVERY,43,450.45
EVT-0106-SKU-005,2026-07-14,SKU-005,WH-002,DELIVERY,55,127.58
EVT-0106-SKU-006,2026-07-14,SKU-006,WH-003,DELIVERY,51,153.12
EVT-0106-SKU-007,2026-07-14,SKU-007,WH-001,DELIVERY,35,414.38
EVT-0106-SKU-008,2026-07-14,SKU-008,WH-002,DELIVERY,31,332.0
EVT-0106-SKU-009,2026-07-14,SKU-009,WH-003,DELIVERY,156,265.72
EVT-0106-SKU-010,2026-07-14,SKU-010,WH-003,DELIVERY,24,232.35
EVT-0106-SKU-011,2026-07-14,SKU-011,WH-003,DELIVERY,28,262.75
EVT-0106-SKU-012,2026-07-14,SKU-012,WH-002,DELIVERY,50,442.52
EVT-0106-SKU-013,2026-07-14,SKU-013,WH-002,DELIVERY,43,261.24
EVT-0106-SKU-014,2026-07-14,SKU-014,WH-001,DELIVERY,28,445.21
EVT-0106-SKU-015,2026-07-14,SKU-015,WH-002,DELIVERY,50,93.28
EVT-0106-SKU-016,2026-07-14,SKU-016,WH-002,DELIVERY,37,199.89
EVT-0106-SKU-017,2026-07-14,SKU-017,WH-003,DELIVERY,57,437.44
EVT-0106-SKU-018,2026-07-14,SKU-018,WH-003,DELIVERY,57,173.83
EVT-0106-SKU-019,2026-07-14,SKU-019,WH-002,DELIVERY,59,186.1
EVT-0106-SKU-020,2026-07-14,SKU-020,WH-002,DELIVERY,47,159.92
EVT-0107-SKU-001,2026-07-15,SKU-001,WH-002,DELIVERY,31,60.99
EVT-0107-SKU-002,2026-07-15,SKU-002,WH-002,DELIVERY,40,442.79
EVT-0107-SKU-003,2026-07-15,SKU-003,WH-003,DELIVERY,64,99.44
EVT-0107-SKU-004,2026-07-15,SKU-004,WH-003,DELIVERY,60,214.43
EVT-0107-SKU-005,2026-07-15,SKU-005,WH-002,DELIVERY,41,278.58
EVT-0107-SKU-006,2026-07-15,SKU-006,WH-003,DELIVERY,24,112.22
EVT-0107-SKU-007,2026-07-15,SKU-007,WH-003,DELIVERY,42,192.49
EVT-0107-SKU-008,2026-07-15,SKU-008,WH-003,DELIVERY,61,472.41
EVT-0107-SKU-009,2026-07-15,SKU-009,WH-001,DELIVERY,40,404.02
EVT-0107-SKU-010,2026-07-15,SKU-010,WH-001,DELIVERY,25,51.15
EVT-0107-SKU-011,2026-07-15,SKU-011,WH-001,DELIVERY,39,341.43
EVT-0107-SKU-012,2026-07-15,SKU-012,WH-003,DELIVERY,46,436.51
EVT-0107-SKU-013,2026-07-15,SKU-013,WH-001,DELIVERY,21,49.27
EVT-0107-SKU-014,2026-07-15,SKU-014,WH-001,DELIVERY,39,404.61
EVT-0107-SKU-015,2026-07-15,SKU-015,WH-003,DELIVERY,53,382.0
EVT-0107-SKU-016,2026-07-15,SKU-016,WH-002,DELIVERY,23,85.85
EVT-0107-SKU-017,2026-07-15,SKU-017,WH-002,DELIVERY,38,298.06
EVT-0107-SKU-018,2026-07-15,SKU-018,WH-002,DELIVERY,45,285.27
EVT-0107-SKU-019,2026-07-15,SKU-019,WH-002,DELIVERY,53,211.46
EVT-0107-SKU-020,2026-07-15,SKU-020,WH-002,DELIVERY,41,488.59
EVT-0108-SKU-001,2026-07-16,SKU-001,WH-001,DELIVERY,27,182.88
EVT-0108-SKU-002,2026-07-16,SKU-002,WH-003,DELIVERY,44,83.88
EVT-0108-SKU-003,2026-07-16,SKU-003,WH-001,DELIVERY,49,105.01
REC-0108-SKU-003,2026-07-16,SKU-003,WH-001,RECEIPT,213,372.59
EVT-0108-SKU-004,2026-07-16,SKU-004,WH-003,DELIVERY,29,67.11
REC-0108-SKU-004,2026-07-16,SKU-004,WH-003,RECEIPT,144,229.45
EVT-0108-SKU-005,2026-07-16,SKU-005,WH-003,DELIVERY,36,300.04
EVT-0108-SKU-006,2026-07-16,SKU-006,WH-001,DELIVERY,45,136.24
REC-0108-SKU-006,2026-07-16,SKU-006,WH-001,RECEIPT,219,269.92
EVT-0108-SKU-007,2026-07-16,SKU-007,WH-003,DELIVERY,41,295.21
REC-0108-SKU-007,2026-07-16,SKU-007,WH-003,RECEIPT,106,235.82
EVT-0108-SKU-008,2026-07-16,SKU-008,WH-001,DELIVERY,53,388.17
EVT-0108-SKU-009,2026-07-16,SKU-009,WH-003,DELIVERY,39,487.08
EVT-0108-SKU-010,2026-07-16,SKU-010,WH-002,DELIVERY,32,328.04
REC-0108-SKU-010,2026-07-16,SKU-010,WH-002,RECEIPT,115,384.54
EVT-0108-SKU-011,2026-07-16,SKU-011,WH-003,DELIVERY,38,498.04
REC-0108-SKU-011,2026-07-16,SKU-011,WH-003,RECEIPT,213,188.3
EVT-0108-SKU-012,2026-07-16,SKU-012,WH-002,DELIVERY,40,116.34
REC-0108-SKU-012,2026-07-16,SKU-012,WH-002,RECEIPT,213,355.11
EVT-0108-SKU-013,2026-07-16,SKU-013,WH-003,DELIVERY,51,257.17
EVT-0108-SKU-014,2026-07-16,SKU-014,WH-002,DELIVERY,36,371.26
EVT-0108-SKU-015,2026-07-16,SKU-015,WH-001,DELIVERY,102,122.44
REC-0108-SKU-015,2026-07-16,SKU-015,WH-001,RECEIPT,97,496.92
EVT-0108-SKU-016,2026-07-16,SKU-016,WH-001,DELIVERY,36,126.33
REC-0108-SKU-016,2026-07-16,SKU-016,WH-001,RECEIPT,217,250.95
EVT-0108-SKU-017,2026-07-16,SKU-017,WH-001,DELIVERY,52,201.21
EVT-0108-SKU-018,2026-07-16,SKU-018,WH-002,DELIVERY,45,466.82
REC-0108-SKU-018,2026-07-16,SKU-018,WH-002,RECEIPT,152,417.55
EVT-0108-SKU-019,2026-07-16,SKU-019,WH-002,DELIVERY,31,225.5
REC-0108-SKU-019,2026-07-16,SKU-019,WH-002,RECEIPT,223,288.87
EVT-0108-SKU-020,2026-07-16,SKU-020,WH-003,DELIVERY,34,312.61
REC-0108-SKU-020,2026-07-16,SKU-020,WH-003,RECEIPT,135,168.79
EVT-0109-SKU-001,2026-07-17,SKU-001,WH-002,DELIVERY,34,336.62
EVT-0109-SKU-002,2026-07-17,SKU-002,WH-002,DELIVERY,37,432.56
EVT-0109-SKU-003,2026-07-17,SKU-003,WH-003,DELIVERY,52,117.33
EVT-0109-SKU-004,2026-07-17,SKU-004,WH-001,DELIVERY,27,409.54
EVT-0109-SKU-005,2026-07-17,SKU-005,WH-001,DELIVERY,52,452.14
EVT-0109-SKU-006,2026-07-17,SKU-006,WH-001,DELIVERY,61,242.26
EVT-0109-SKU-007,2026-07-17,SKU-007,WH-002,DELIVERY,33,220.89
EVT-0109-SKU-008,2026-07-17,SKU-008,WH-003,DELIVERY,59,183.41
EVT-0109-SKU-009,2026-07-17,SKU-009,WH-003,DELIVERY,54,116.41
EVT-0109-SKU-010,2026-07-17,SKU-010,WH-003,DELIVERY,47,241.13
EVT-0109-SKU-011,2026-07-17,SKU-011,WH-002,DELIVERY,36,453.89
EVT-0109-SKU-012,2026-07-17,SKU-012,WH-001,DELIVERY,31,208.22
EVT-0109-SKU-013,2026-07-17,SKU-013,WH-003,DELIVERY,32,443.1
EVT-0109-SKU-014,2026-07-17,SKU-014,WH-002,DELIVERY,50,469.27
EVT-0109-SKU-015,2026-07-17,SKU-015,WH-001,DELIVERY,130,191.09
EVT-0109-SKU-016,2026-07-17,SKU-016,WH-002,DELIVERY,45,45.98
EVT-0109-SKU-017,2026-07-17,SKU-017,WH-001,DELIVERY,29,498.04
EVT-0109-SKU-018,2026-07-17,SKU-018,WH-002,DELIVERY,26,486.72
EVT-0109-SKU-019,2026-07-17,SKU-019,WH-003,DELIVERY,76,265.54
EVT-0109-SKU-020,2026-07-17,SKU-020,WH-003,DELIVERY,21,385.27
EVT-0110-SKU-001,2026-07-18,SKU-001,WH-001,DELIVERY,28,364.59
EVT-0110-SKU-002,2026-07-18,SKU-002,WH-001,DELIVERY,52,423.67
EVT-0110-SKU-003,2026-07-18,SKU-003,WH-001,DELIVERY,22,434.63
EVT-0110-SKU-004,2026-07-18,SKU-004,WH-001,DELIVERY,46,379.23
REC-0110-SKU-004,2026-07-18,SKU-004,WH-001,RECEIPT,161,452.96
EVT-0110-SKU-005,2026-07-18,SKU-005,WH-001,DELIVERY,53,277.52
REC-0110-SKU-005,2026-07-18,SKU-005,WH-001,RECEIPT,186,425.35
EVT-0110-SKU-006,2026-07-18,SKU-006,WH-003,DELIVERY,31,128.75
EVT-0110-SKU-007,2026-07-18,SKU-007,WH-003,DELIVERY,39,319.92
REC-0110-SKU-007,2026-07-18,SKU-007,WH-003,RECEIPT,124,332.24
EVT-0110-SKU-008,2026-07-18,SKU-008,WH-001,DELIVERY,47,297.86
EVT-0110-SKU-009,2026-07-18,SKU-009,WH-002,DELIVERY,17,467.93
EVT-0110-SKU-010,2026-07-18,SKU-010,WH-001,DELIVERY,44,123.95
EVT-0110-SKU-011,2026-07-18,SKU-011,WH-001,DELIVERY,33,117.89
REC-0110-SKU-011,2026-07-18,SKU-011,WH-001,RECEIPT,135,333.45
EVT-0110-SKU-012,2026-07-18,SKU-012,WH-002,DELIVERY,55,373.17
EVT-0110-SKU-013,2026-07-18,SKU-013,WH-002,DELIVERY,48,127.9
EVT-0110-SKU-014,2026-07-18,SKU-014,WH-002,DELIVERY,25,364.72
EVT-0110-SKU-015,2026-07-18,SKU-015,WH-002,DELIVERY,46,126.59
EVT-0110-SKU-016,2026-07-18,SKU-016,WH-001,DELIVERY,48,159.3
EVT-0110-SKU-017,2026-07-18,SKU-017,WH-002,DELIVERY,49,395.29
EVT-0110-SKU-018,2026-07-18,SKU-018,WH-003,DELIVERY,46,118.42
REC-0110-SKU-018,2026-07-18,SKU-018,WH-003,RECEIPT,119,287.46
EVT-0110-SKU-019,2026-07-18,SKU-019,WH-001,DELIVERY,52,353.73
EVT-0110-SKU-020,2026-07-18,SKU-020,WH-001,DELIVERY,39,485.51
EVT-0111-SKU-001,2026-07-19,SKU-001,WH-001,DELIVERY,31,159.99
EVT-0111-SKU-002,2026-07-19,SKU-002,WH-003,DELIVERY,39,125.76
EVT-0111-SKU-003,2026-07-19,SKU-003,WH-002,DELIVERY,30,310.66
EVT-0111-SKU-004,2026-07-19,SKU-004,WH-002,DELIVERY,33,329.56
EVT-0111-SKU-005,2026-07-19,SKU-005,WH-001,DELIVERY,30,86.1
EVT-0111-SKU-006,2026-07-19,SKU-006,WH-002,DELIVERY,45,291.52
EVT-0111-SKU-007,2026-07-19,SKU-007,WH-002,DELIVERY,44,240.09
EVT-0111-SKU-008,2026-07-19,SKU-008,WH-002,DELIVERY,27,156.18
EVT-0111-SKU-009,2026-07-19,SKU-009,WH-003,DELIVERY,30,486.55
EVT-0111-SKU-010,2026-07-19,SKU-010,WH-003,DELIVERY,55,235.91
EVT-0111-SKU-011,2026-07-19,SKU-011,WH-003,DELIVERY,37,464.28
EVT-0111-SKU-012,2026-07-19,SKU-012,WH-003,DELIVERY,41,99.75
EVT-0111-SKU-013,2026-07-19,SKU-013,WH-001,DELIVERY,50,408.69
EVT-0111-SKU-014,2026-07-19,SKU-014,WH-002,DELIVERY,38,40.39
EVT-0111-SKU-015,2026-07-19,SKU-015,WH-001,DELIVERY,47,148.64
EVT-0111-SKU-016,2026-07-19,SKU-016,WH-002,DELIVERY,33,152.58
EVT-0111-SKU-017,2026-07-19,SKU-017,WH-001,DELIVERY,29,355.92
EVT-0111-SKU-018,2026-07-19,SKU-018,WH-002,DELIVERY,41,422.42
EVT-0111-SKU-019,2026-07-19,SKU-019,WH-001,DELIVERY,32,223.95
EVT-0111-SKU-020,2026-07-19,SKU-020,WH-002,DELIVERY,46,375.97
EVT-0112-SKU-001,2026-07-20,SKU-001,WH-003,DELIVERY,36,380.6
EVT-0112-SKU-002,2026-07-20,SKU-002,WH-001,DELIVERY,42,121.95
REC-0112-SKU-002,2026-07-20,SKU-002,WH-001,RECEIPT,174,206.65
EVT-0112-SKU-003,2026-07-20,SKU-003,WH-003,DELIVERY,47,460.71
REC-0112-SKU-003,2026-07-20,SKU-003,WH-003,RECEIPT,115,269.98
EVT-0112-SKU-004,2026-07-20,SKU-004,WH-001,DELIVERY,25,240.28
EVT-0112-SKU-005,2026-07-20,SKU-005,WH-002,DELIVERY,32,217.94
EVT-0112-SKU-006,2026-07-20,SKU-006,WH-001,DELIVERY,29,479.31
REC-0112-SKU-006,2026-07-20,SKU-006,WH-001,RECEIPT,121,223.18
EVT-0112-SKU-007,2026-07-20,SKU-007,WH-003,DELIVERY,46,355.59
EVT-0112-SKU-008,2026-07-20,SKU-008,WH-003,DELIVERY,28,409.63
EVT-0112-SKU-009,2026-07-20,SKU-009,WH-001,DELIVERY,33,249.16
EVT-0112-SKU-010,2026-07-20,SKU-010,WH-003,DELIVERY,54,224.78
EVT-0112-SKU-011,2026-07-20,SKU-011,WH-002,DELIVERY,22,411.28
EVT-0112-SKU-012,2026-07-20,SKU-012,WH-003,DELIVERY,48,257.83
EVT-0112-SKU-013,2026-07-20,SKU-013,WH-003,DELIVERY,45,235.07
EVT-0112-SKU-014,2026-07-20,SKU-014,WH-003,DELIVERY,38,43.2
EVT-0112-SKU-015,2026-07-20,SKU-015,WH-001,DELIVERY,23,240.05
EVT-0112-SKU-016,2026-07-20,SKU-016,WH-002,DELIVERY,38,439.23
EVT-0112-SKU-017,2026-07-20,SKU-017,WH-002,DELIVERY,55,235.82
EVT-0112-SKU-018,2026-07-20,SKU-018,WH-001,DELIVERY,45,122.21
EVT-0112-SKU-019,2026-07-20,SKU-019,WH-002,DELIVERY,50,314.06
EVT-0112-SKU-020,2026-07-20,SKU-020,WH-003,DELIVERY,41,379.79
REC-0112-SKU-020,2026-07-20,SKU-020,WH-003,RECEIPT,124,78.66
EVT-0113-SKU-001,2026-07-21,SKU-001,WH-001,DELIVERY,44,450.65
EVT-0113-SKU-002,2026-07-21,SKU-002,WH-002,DELIVERY,44,152.29
EVT-0113-SKU-003,2026-07-21,SKU-003,WH-001,DELIVERY,50,489.35
EVT-0113-SKU-004,2026-07-21,SKU-004,WH-002,DELIVERY,45,373.68
EVT-0113-SKU-005,2026-07-21,SKU-005,WH-003,DELIVERY,39,477.17
EVT-0113-SKU-006,2026-07-21,SKU-006,WH-003,DELIVERY,27,446.15
EVT-0113-SKU-007,2026-07-21,SKU-007,WH-001,DELIVERY,44,323.17
EVT-0113-SKU-008,2026-07-21,SKU-008,WH-003,DELIVERY,24,212.15
EVT-0113-SKU-009,2026-07-21,SKU-009,WH-001,DELIVERY,40,398.02
EVT-0113-SKU-010,2026-07-21,SKU-010,WH-003,DELIVERY,27,318.13
EVT-0113-SKU-011,2026-07-21,SKU-011,WH-003,DELIVERY,39,399.74
EVT-0113-SKU-012,2026-07-21,SKU-012,WH-002,DELIVERY,41,315.58
EVT-0113-SKU-013,2026-07-21,SKU-013,WH-001,DELIVERY,40,69.31
EVT-0113-SKU-014,2026-07-21,SKU-014,WH-003,DELIVERY,42,420.41
EVT-0113-SKU-015,2026-07-21,SKU-015,WH-003,DELIVERY,27,296.52
EVT-0113-SKU-016,2026-07-21,SKU-016,WH-002,DELIVERY,31,418.41
EVT-0113-SKU-017,2026-07-21,SKU-017,WH-002,DELIVERY,48,118.21
EVT-0113-SKU-018,2026-07-21,SKU-018,WH-002,DELIVERY,28,343.92
EVT-0113-SKU-019,2026-07-21,SKU-019,WH-003,DELIVERY,5,384.09
EVT-0113-SKU-020,2026-07-21,SKU-020,WH-002,DELIVERY,42,185.06
EVT-0114-SKU-001,2026-07-22,SKU-001,WH-001,DELIVERY,48,299.85
EVT-0114-SKU-002,2026-07-22,SKU-002,WH-001,DELIVERY,53,170.59
EVT-0114-SKU-003,2026-07-22,SKU-003,WH-001,DELIVERY,29,476.46
REC-0114-SKU-003,2026-07-22,SKU-003,WH-001,RECEIPT,104,222.04
EVT-0114-SKU-004,2026-07-22,SKU-004,WH-001,DELIVERY,50,302.54
EVT-0114-SKU-005,2026-07-22,SKU-005,WH-001,DELIVERY,43,293.03
EVT-0114-SKU-006,2026-07-22,SKU-006,WH-001,DELIVERY,5,315.65
EVT-0114-SKU-007,2026-07-22,SKU-007,WH-002,DELIVERY,27,331.24
EVT-0114-SKU-008,2026-07-22,SKU-008,WH-003,DELIVERY,27,220.4
EVT-0114-SKU-009,2026-07-22,SKU-009,WH-002,DELIVERY,40,112.21
EVT-0114-SKU-010,2026-07-22,SKU-010,WH-002,DELIVERY,30,285.03
EVT-0114-SKU-011,2026-07-22,SKU-011,WH-002,DELIVERY,29,306.87
EVT-0114-SKU-012,2026-07-22,SKU-012,WH-002,DELIVERY,24,332.75
EVT-0114-SKU-013,2026-07-22,SKU-013,WH-001,DELIVERY,29,302.47
EVT-0114-SKU-014,2026-07-22,SKU-014,WH-001,DELIVERY,30,154.97
EVT-0114-SKU-015,2026-07-22,SKU-015,WH-003,DELIVERY,49,446.42
EVT-0114-SKU-016,2026-07-22,SKU-016,WH-003,DELIVERY,46,128.79
EVT-0114-SKU-017,2026-07-22,SKU-017,WH-002,DELIVERY,23,471.08
EVT-0114-SKU-018,2026-07-22,SKU-018,WH-002,DELIVERY,57,69.81
EVT-0114-SKU-019,2026-07-22,SKU-019,WH-001,DELIVERY,28,244.08
EVT-0114-SKU-020,2026-07-22,SKU-020,WH-001,DELIVERY,33,270.1
REC-0114-SKU-020,2026-07-22,SKU-020,WH-001,RECEIPT,234,425.42
EVT-0115-SKU-001,2026-07-23,SKU-001,WH-001,DELIVERY,40,384.36
EVT-0115-SKU-002,2026-07-23,SKU-002,WH-003,DELIVERY,59,436.6
EVT-0115-SKU-003,2026-07-23,SKU-003,WH-002,DELIVERY,63,369.27
REC-0115-SKU-003,2026-07-23,SKU-003,WH-002,RECEIPT,192,261.17
EVT-0115-SKU-004,2026-07-23,SKU-004,WH-003,DELIVERY,33,413.36
REC-0115-SKU-004,2026-07-23,SKU-004,WH-003,RECEIPT,173,223.74
EVT-0115-SKU-005,2026-07-23,SKU-005,WH-003,DELIVERY,31,87.67
EVT-0115-SKU-006,2026-07-23,SKU-006,WH-003,DELIVERY,30,91.42
EVT-0115-SKU-007,2026-07-23,SKU-007,WH-002,DELIVERY,30,405.95
EVT-0115-SKU-008,2026-07-23,SKU-008,WH-002,DELIVERY,45,335.34
EVT-0115-SKU-009,2026-07-23,SKU-009,WH-002,DELIVERY,51,159.6
EVT-0115-SKU-010,2026-07-23,SKU-010,WH-003,DELIVERY,31,402.19
EVT-0115-SKU-011,2026-07-23,SKU-011,WH-003,DELIVERY,39,280.02
REC-0115-SKU-011,2026-07-23,SKU-011,WH-003,RECEIPT,136,444.88
EVT-0115-SKU-012,2026-07-23,SKU-012,WH-003,DELIVERY,43,173.96
EVT-0115-SKU-013,2026-07-23,SKU-013,WH-003,DELIVERY,30,175.64
EVT-0115-SKU-014,2026-07-23,SKU-014,WH-001,DELIVERY,29,435.21
EVT-0115-SKU-015,2026-07-23,SKU-015,WH-003,DELIVERY,43,108.25
REC-0115-SKU-015,2026-07-23,SKU-015,WH-003,RECEIPT,146,207.51
EVT-0115-SKU-016,2026-07-23,SKU-016,WH-003,DELIVERY,63,498.21
EVT-0115-SKU-017,2026-07-23,SKU-017,WH-002,DELIVERY,34,111.7
EVT-0115-SKU-018,2026-07-23,SKU-018,WH-003,DELIVERY,35,438.09
EVT-0115-SKU-019,2026-07-23,SKU-019,WH-003,DELIVERY,47,452.68
REC-0115-SKU-019,2026-07-23,SKU-019,WH-003,RECEIPT,96,197.49
EVT-0115-SKU-020,2026-07-23,SKU-020,WH-002,DELIVERY,52,109.04
EVT-0116-SKU-001,2026-07-24,SKU-001,WH-003,DELIVERY,44,333.77
EVT-0116-SKU-002,2026-07-24,SKU-002,WH-003,DELIVERY,53,400.22
EVT-0116-SKU-003,2026-07-24,SKU-003,WH-003,DELIVERY,45,85.47
EVT-0116-SKU-004,2026-07-24,SKU-004,WH-003,DELIVERY,56,294.51
EVT-0116-SKU-005,2026-07-24,SKU-005,WH-001,DELIVERY,26,406.74
EVT-0116-SKU-006,2026-07-24,SKU-006,WH-003,DELIVERY,44,434.46
EVT-0116-SKU-007,2026-07-24,SKU-007,WH-003,DELIVERY,38,162.25
EVT-0116-SKU-008,2026-07-24,SKU-008,WH-001,DELIVERY,32,377.34
EVT-0116-SKU-009,2026-07-24,SKU-009,WH-001,DELIVERY,35,309.41
EVT-0116-SKU-010,2026-07-24,SKU-010,WH-002,DELIVERY,39,445.55
EVT-0116-SKU-011,2026-07-24,SKU-011,WH-002,DELIVERY,41,243.27
EVT-0116-SKU-012,2026-07-24,SKU-012,WH-001,DELIVERY,35,311.11
EVT-0116-SKU-013,2026-07-24,SKU-013,WH-002,DELIVERY,25,91.3
EVT-0116-SKU-014,2026-07-24,SKU-014,WH-003,DELIVERY,33,410.65
EVT-0116-SKU-015,2026-07-24,SKU-015,WH-001,DELIVERY,39,330.32
EVT-0116-SKU-016,2026-07-24,SKU-016,WH-003,DELIVERY,52,170.53
EVT-0116-SKU-017,2026-07-24,SKU-017,WH-002,DELIVERY,46,298.18
EVT-0116-SKU-018,2026-07-24,SKU-018,WH-003,DELIVERY,33,489.53
EVT-0116-SKU-019,2026-07-24,SKU-019,WH-002,DELIVERY,65,268.06
EVT-0116-SKU-020,2026-07-24,SKU-020,WH-001,DELIVERY,41,349.57
EVT-0117-SKU-001,2026-07-25,SKU-001,WH-002,DELIVERY,29,129.05
EVT-0117-SKU-002,2026-07-25,SKU-002,WH-001,DELIVERY,55,270.82
EVT-0117-SKU-003,2026-07-25,SKU-003,WH-003,DELIVERY,22,136.73
EVT-0117-SKU-004,2026-07-25,SKU-004,WH-002,DELIVERY,43,392.54
EVT-0117-SKU-005,2026-07-25,SKU-005,WH-001,DELIVERY,34,491.33
EVT-0117-SKU-006,2026-07-25,SKU-006,WH-003,DELIVERY,35,469.11
EVT-0117-SKU-007,2026-07-25,SKU-007,WH-002,DELIVERY,32,421.45
EVT-0117-SKU-008,2026-07-25,SKU-008,WH-002,DELIVERY,47,299.11
EVT-0117-SKU-009,2026-07-25,SKU-009,WH-001,DELIVERY,40,202.66
EVT-0117-SKU-010,2026-07-25,SKU-010,WH-002,DELIVERY,27,48.96
EVT-0117-SKU-011,2026-07-25,SKU-011,WH-001,DELIVERY,35,50.89
EVT-0117-SKU-012,2026-07-25,SKU-012,WH-002,DELIVERY,32,297.59
EVT-0117-SKU-013,2026-07-25,SKU-013,WH-001,DELIVERY,30,74.24
EVT-0117-SKU-014,2026-07-25,SKU-014,WH-002,DELIVERY,31,473.09
EVT-0117-SKU-015,2026-07-25,SKU-015,WH-001,DELIVERY,42,364.98
EVT-0117-SKU-016,2026-07-25,SKU-016,WH-002,DELIVERY,28,309.61
EVT-0117-SKU-017,2026-07-25,SKU-017,WH-001,DELIVERY,50,241.54
REC-0117-SKU-017,2026-07-25,SKU-017,WH-001,RECEIPT,108,257.05
EVT-0117-SKU-018,2026-07-25,SKU-018,WH-003,DELIVERY,43,489.5
EVT-0117-SKU-019,2026-07-25,SKU-019,WH-001,DELIVERY,51,298.44
EVT-0117-SKU-020,2026-07-25,SKU-020,WH-001,DELIVERY,28,291.43
REC-0117-SKU-020,2026-07-25,SKU-020,WH-001,RECEIPT,222,284.27
EVT-0118-SKU-001,2026-07-26,SKU-001,WH-002,DELIVERY,37,440.53
EVT-0118-SKU-002,2026-07-26,SKU-002,WH-002,DELIVERY,33,245.09
EVT-0118-SKU-003,2026-07-26,SKU-003,WH-001,DELIVERY,36,131.53
EVT-0118-SKU-004,2026-07-26,SKU-004,WH-002,DELIVERY,47,469.03
EVT-0118-SKU-005,2026-07-26,SKU-005,WH-001,DELIVERY,32,407.12
EVT-0118-SKU-006,2026-07-26,SKU-006,WH-003,DELIVERY,30,300.23
EVT-0118-SKU-007,2026-07-26,SKU-007,WH-003,DELIVERY,47,170.02
EVT-0118-SKU-008,2026-07-26,SKU-008,WH-003,DELIVERY,32,74.75
EVT-0118-SKU-009,2026-07-26,SKU-009,WH-003,DELIVERY,42,429.3
EVT-0118-SKU-010,2026-07-26,SKU-010,WH-003,DELIVERY,25,320.61
EVT-0118-SKU-011,2026-07-26,SKU-011,WH-001,DELIVERY,41,247.59
EVT-0118-SKU-012,2026-07-26,SKU-012,WH-003,DELIVERY,27,123.57
EVT-0118-SKU-013,2026-07-26,SKU-013,WH-002,DELIVERY,21,238.9
EVT-0118-SKU-014,2026-07-26,SKU-014,WH-002,DELIVERY,36,42.92
EVT-0118-SKU-015,2026-07-26,SKU-015,WH-001,DELIVERY,50,433.56
EVT-0118-SKU-016,2026-07-26,SKU-016,WH-003,DELIVERY,40,346.08
EVT-0118-SKU-017,2026-07-26,SKU-017,WH-003,DELIVERY,44,134.83
EVT-0118-SKU-018,2026-07-26,SKU-018,WH-001,DELIVERY,34,316.88
EVT-0118-SKU-019,2026-07-26,SKU-019,WH-001,DELIVERY,11,185.05
EVT-0118-SKU-020,2026-07-26,SKU-020,WH-003,DELIVERY,32,179.35
EVT-0119-SKU-001,2026-07-27,SKU-001,WH-002,DELIVERY,42,52.56
EVT-0119-SKU-002,2026-07-27,SKU-002,WH-001,DELIVERY,66,212.55
EVT-0119-SKU-003,2026-07-27,SKU-003,WH-003,DELIVERY,44,241.73
EVT-0119-SKU-004,2026-07-27,SKU-004,WH-001,DELIVERY,33,311.5
EVT-0119-SKU-005,2026-07-27,SKU-005,WH-001,DELIVERY,54,277.59
REC-0119-SKU-005,2026-07-27,SKU-005,WH-001,RECEIPT,133,95.36
EVT-0119-SKU-006,2026-07-27,SKU-006,WH-002,DELIVERY,37,204.86
EVT-0119-SKU-007,2026-07-27,SKU-007,WH-002,DELIVERY,52,205.53
EVT-0119-SKU-008,2026-07-27,SKU-008,WH-003,DELIVERY,72,250.2
EVT-0119-SKU-009,2026-07-27,SKU-009,WH-002,DELIVERY,43,203.15
EVT-0119-SKU-010,2026-07-27,SKU-010,WH-001,DELIVERY,28,429.99
EVT-0119-SKU-011,2026-07-27,SKU-011,WH-001,DELIVERY,45,219.26
EVT-0119-SKU-012,2026-07-27,SKU-012,WH-001,DELIVERY,39,166.37
EVT-0119-SKU-013,2026-07-27,SKU-013,WH-001,DELIVERY,45,98.86
REC-0119-SKU-013,2026-07-27,SKU-013,WH-001,RECEIPT,115,359.73
EVT-0119-SKU-014,2026-07-27,SKU-014,WH-001,DELIVERY,47,409.09
EVT-0119-SKU-015,2026-07-27,SKU-015,WH-002,DELIVERY,23,120.33
REC-0119-SKU-015,2026-07-27,SKU-015,WH-002,RECEIPT,126,207.93
EVT-0119-SKU-016,2026-07-27,SKU-016,WH-001,DELIVERY,24,53.79
EVT-0119-SKU-017,2026-07-27,SKU-017,WH-002,DELIVERY,30,326.08
EVT-0119-SKU-018,2026-07-27,SKU-018,WH-001,DELIVERY,46,448.86
EVT-0119-SKU-019,2026-07-27,SKU-019,WH-003,DELIVERY,58,213.44
REC-0119-SKU-019,2026-07-27,SKU-019,WH-003,RECEIPT,120,86.05
EVT-0119-SKU-020,2026-07-27,SKU-020,WH-002,DELIVERY,20,82.38
EVT-0120-SKU-001,2026-07-28,SKU-001,WH-001,DELIVERY,53,453.15
REC-0120-SKU-001,2026-07-28,SKU-001,WH-001,RECEIPT,114,434.18
EVT-0120-SKU-002,2026-07-28,SKU-002,WH-003,DELIVERY,222,255.96
EVT-0120-SKU-003,2026-07-28,SKU-003,WH-001,DELIVERY,33,347.48
REC-0120-SKU-003,2026-07-28,SKU-003,WH-001,RECEIPT,202,266.69
EVT-0120-SKU-004,2026-07-28,SKU-004,WH-003,DELIVERY,53,140.88
EVT-0120-SKU-005,2026-07-28,SKU-005,WH-001,DELIVERY,40,225.77
REC-0120-SKU-005,2026-07-28,SKU-005,WH-001,RECEIPT,143,144.06
EVT-0120-SKU-006,2026-07-28,SKU-006,WH-001,DELIVERY,44,178.51
REC-0120-SKU-006,2026-07-28,SKU-006,WH-001,RECEIPT,231,279.16
EVT-0120-SKU-007,2026-07-28,SKU-007,WH-003,DELIVERY,49,190.85
REC-0120-SKU-007,2026-07-28,SKU-007,WH-003,RECEIPT,249,106.8
EVT-0120-SKU-008,2026-07-28,SKU-008,WH-003,DELIVERY,39,55.74
EVT-0120-SKU-009,2026-07-28,SKU-009,WH-003,DELIVERY,47,105.76
REC-0120-SKU-009,2026-07-28,SKU-009,WH-003,RECEIPT,140,114.47
EVT-0120-SKU-010,2026-07-28,SKU-010,WH-002,DELIVERY,252,262.57
REC-0120-SKU-010,2026-07-28,SKU-010,WH-002,RECEIPT,128,329.21
EVT-0120-SKU-011,2026-07-28,SKU-011,WH-003,DELIVERY,8,160.89
REC-0120-SKU-011,2026-07-28,SKU-011,WH-003,RECEIPT,110,382.68
EVT-0120-SKU-012,2026-07-28,SKU-012,WH-003,DELIVERY,61,464.99
REC-0120-SKU-012,2026-07-28,SKU-012,WH-003,RECEIPT,127,157.43
EVT-0120-SKU-013,2026-07-28,SKU-013,WH-002,DELIVERY,41,433.86
EVT-0120-SKU-014,2026-07-28,SKU-014,WH-001,DELIVERY,26,236.2
REC-0120-SKU-014,2026-07-28,SKU-014,WH-001,RECEIPT,219,98.06
EVT-0120-SKU-015,2026-07-28,SKU-015,WH-001,DELIVERY,62,367.84
EVT-0120-SKU-016,2026-07-28,SKU-016,WH-002,DELIVERY,36,240.64
REC-0120-SKU-016,2026-07-28,SKU-016,WH-002,RECEIPT,209,124.0
EVT-0120-SKU-017,2026-07-28,SKU-017,WH-003,DELIVERY,47,47.69
REC-0120-SKU-017,2026-07-28,SKU-017,WH-003,RECEIPT,214,316.43
EVT-0120-SKU-018,2026-07-28,SKU-018,WH-001,DELIVERY,61,284.06
REC-0120-SKU-018,2026-07-28,SKU-018,WH-001,RECEIPT,216,206.82
EVT-0120-SKU-019,2026-07-28,SKU-019,WH-001,DELIVERY,25,113.02
EVT-0120-SKU-020,2026-07-28,SKU-020,WH-003,DELIVERY,1,324.36
EVT-0121-SKU-001,2026-07-29,SKU-001,WH-003,DELIVERY,55,168.07
REC-0121-SKU-001,2026-07-29,SKU-001,WH-003,RECEIPT,155,219.3
EVT-0121-SKU-002,2026-07-29,SKU-002,WH-003,DELIVERY,34,451.12
EVT-0121-SKU-003,2026-07-29,SKU-003,WH-002,DELIVERY,290,365.84
EVT-0121-SKU-004,2026-07-29,SKU-004,WH-001,DELIVERY,61,322.03
EVT-0121-SKU-005,2026-07-29,SKU-005,WH-001,DELIVERY,40,113.72
EVT-0121-SKU-006,2026-07-29,SKU-006,WH-002,DELIVERY,33,337.2
REC-0121-SKU-006,2026-07-29,SKU-006,WH-002,RECEIPT,231,128.95
EVT-0121-SKU-007,2026-07-29,SKU-007,WH-002,DELIVERY,67,450.61
EVT-0121-SKU-008,2026-07-29,SKU-008,WH-003,DELIVERY,53,474.4
EVT-0121-SKU-009,2026-07-29,SKU-009,WH-001,DELIVERY,23,44.95
EVT-0121-SKU-010,2026-07-29,SKU-010,WH-003,DELIVERY,46,87.2
EVT-0121-SKU-011,2026-07-29,SKU-011,WH-001,DELIVERY,34,381.74
EVT-0121-SKU-012,2026-07-29,SKU-012,WH-001,DELIVERY,31,490.34
EVT-0121-SKU-013,2026-07-29,SKU-013,WH-002,DELIVERY,43,157.51
EVT-0121-SKU-014,2026-07-29,SKU-014,WH-002,DELIVERY,38,443.07
EVT-0121-SKU-015,2026-07-29,SKU-015,WH-002,DELIVERY,40,317.53
EVT-0121-SKU-016,2026-07-29,SKU-016,WH-001,DELIVERY,45,345.86
REC-0121-SKU-016,2026-07-29,SKU-016,WH-001,RECEIPT,187,66.06
EVT-0121-SKU-017,2026-07-29,SKU-017,WH-001,DELIVERY,46,166.9
EVT-0121-SKU-018,2026-07-29,SKU-018,WH-003,DELIVERY,32,233.04
EVT-0121-SKU-019,2026-07-29,SKU-019,WH-002,DELIVERY,44,151.66
EVT-0121-SKU-020,2026-07-29,SKU-020,WH-001,DELIVERY,42,346.19
EVT-0122-SKU-001,2026-07-30,SKU-001,WH-003,DELIVERY,23,319.05
EVT-0122-SKU-002,2026-07-30,SKU-002,WH-001,DELIVERY,41,311.56
EVT-0122-SKU-003,2026-07-30,SKU-003,WH-003,DELIVERY,65,306.86
EVT-0122-SKU-004,2026-07-30,SKU-004,WH-002,DELIVERY,57,58.34
EVT-0122-SKU-005,2026-07-30,SKU-005,WH-002,DELIVERY,26,414.05
EVT-0122-SKU-006,2026-07-30,SKU-006,WH-003,DELIVERY,33,139.38
EVT-0122-SKU-007,2026-07-30,SKU-007,WH-001,DELIVERY,32,229.59
EVT-0122-SKU-008,2026-07-30,SKU-008,WH-003,DELIVERY,32,449.83
EVT-0122-SKU-009,2026-07-30,SKU-009,WH-003,DELIVERY,21,245.16
EVT-0122-SKU-010,2026-07-30,SKU-010,WH-002,DELIVERY,66,495.85
EVT-0122-SKU-011,2026-07-30,SKU-011,WH-001,DELIVERY,45,188.07
EVT-0122-SKU-012,2026-07-30,SKU-012,WH-002,DELIVERY,59,119.15
EVT-0122-SKU-013,2026-07-30,SKU-013,WH-001,DELIVERY,31,424.67
EVT-0122-SKU-014,2026-07-30,SKU-014,WH-002,DELIVERY,54,86.6
EVT-0122-SKU-015,2026-07-30,SKU-015,WH-003,DELIVERY,26,388.02
EVT-0122-SKU-016,2026-07-30,SKU-016,WH-002,DELIVERY,49,263.3
EVT-0122-SKU-017,2026-07-30,SKU-017,WH-002,DELIVERY,55,188.47
EVT-0122-SKU-018,2026-07-30,SKU-018,WH-001,DELIVERY,27,458.06
EVT-0122-SKU-019,2026-07-30,SKU-019,WH-003,DELIVERY,28,131.37
EVT-0122-SKU-020,2026-07-30,SKU-020,WH-003,DELIVERY,37,443.39
EVT-0123-SKU-001,2026-07-31,SKU-001,WH-002,DELIVERY,46,101.19
EVT-0123-SKU-002,2026-07-31,SKU-002,WH-001,DELIVERY,48,378.69
EVT-0123-SKU-003,2026-07-31,SKU-003,WH-003,DELIVERY,35,243.57
EVT-0123-SKU-004,2026-07-31,SKU-004,WH-001,DELIVERY,37,347.06
EVT-0123-SKU-005,2026-07-31,SKU-005,WH-001,DELIVERY,17,152.86
EVT-0123-SKU-006,2026-07-31,SKU-006,WH-002,DELIVERY,40,139.35
EVT-0123-SKU-007,2026-07-31,SKU-007,WH-002,DELIVERY,40,425.45
EVT-0123-SKU-008,2026-07-31,SKU-008,WH-003,DELIVERY,42,301.32
EVT-0123-SKU-009,2026-07-31,SKU-009,WH-001,DELIVERY,49,448.76
EVT-0123-SKU-010,2026-07-31,SKU-010,WH-003,DELIVERY,27,406.53
EVT-0123-SKU-011,2026-07-31,SKU-011,WH-002,DELIVERY,29,147.96
EVT-0123-SKU-012,2026-07-31,SKU-012,WH-001,DELIVERY,44,101.87
EVT-0123-SKU-013,2026-07-31,SKU-013,WH-003,DELIVERY,35,493.33
EVT-0123-SKU-014,2026-07-31,SKU-014,WH-003,DELIVERY,37,411.34
EVT-0123-SKU-015,2026-07-31,SKU-015,WH-003,DELIVERY,29,417.7
EVT-0123-SKU-016,2026-07-31,SKU-016,WH-002,DELIVERY,55,424.84
EVT-0123-SKU-017,2026-07-31,SKU-017,WH-003,DELIVERY,25,498.06
EVT-0123-SKU-018,2026-07-31,SKU-018,WH-003,DELIVERY,46,339.13
EVT-0123-SKU-019,2026-07-31,SKU-019,WH-002,DELIVERY,44,70.09
EVT-0123-SKU-020,2026-07-31,SKU-020,WH-003,DELIVERY,34,452.4
EVT-0124-SKU-001,2026-08-01,SKU-001,WH-003,DELIVERY,29,101.34
EVT-0124-SKU-002,2026-08-01,SKU-002,WH-001,DELIVERY,32,182.52
EVT-0124-SKU-003,2026-08-01,SKU-003,WH-002,DELIVERY,42,227.29
EVT-0124-SKU-004,2026-08-01,SKU-004,WH-001,DELIVERY,61,64.37
EVT-0124-SKU-005,2026-08-01,SKU-005,WH-003,DELIVERY,64,283.7
EVT-0124-SKU-006,2026-08-01,SKU-006,WH-003,DELIVERY,62,490.7
EVT-0124-SKU-007,2026-08-01,SKU-007,WH-001,DELIVERY,67,192.62
EVT-0124-SKU-008,2026-08-01,SKU-008,WH-002,DELIVERY,45,476.55
EVT-0124-SKU-009,2026-08-01,SKU-009,WH-002,DELIVERY,30,124.18
EVT-0124-SKU-010,2026-08-01,SKU-010,WH-002,DELIVERY,49,237.97
EVT-0124-SKU-011,2026-08-01,SKU-011,WH-002,DELIVERY,47,201.55
EVT-0124-SKU-012,2026-08-01,SKU-012,WH-002,DELIVERY,45,83.25
EVT-0124-SKU-013,2026-08-01,SKU-013,WH-001,DELIVERY,43,354.05
EVT-0124-SKU-014,2026-08-01,SKU-014,WH-001,DELIVERY,111,42.14
EVT-0124-SKU-015,2026-08-01,SKU-015,WH-002,DELIVERY,65,435.3
EVT-0124-SKU-016,2026-08-01,SKU-016,WH-001,DELIVERY,44,269.17
EVT-0124-SKU-017,2026-08-01,SKU-017,WH-002,DELIVERY,54,212.12
EVT-0124-SKU-018,2026-08-01,SKU-018,WH-002,DELIVERY,50,444.65
EVT-0124-SKU-019,2026-08-01,SKU-019,WH-003,DELIVERY,53,57.84
EVT-0124-SKU-020,2026-08-01,SKU-020,WH-002,DELIVERY,57,89.58
EVT-0125-SKU-001,2026-08-02,SKU-001,WH-003,DELIVERY,14,317.61
EVT-0125-SKU-002,2026-08-02,SKU-002,WH-002,DELIVERY,37,292.07
EVT-0125-SKU-003,2026-08-02,SKU-003,WH-002,DELIVERY,56,153.26
EVT-0125-SKU-004,2026-08-02,SKU-004,WH-001,DELIVERY,33,265.75
EVT-0125-SKU-005,2026-08-02,SKU-005,WH-001,DELIVERY,23,413.02
EVT-0125-SKU-006,2026-08-02,SKU-006,WH-003,DELIVERY,60,341.21
EVT-0125-SKU-007,2026-08-02,SKU-007,WH-003,DELIVERY,33,391.22
EVT-0125-SKU-008,2026-08-02,SKU-008,WH-003,DELIVERY,32,240.16
EVT-0125-SKU-009,2026-08-02,SKU-009,WH-002,DELIVERY,45,320.45
EVT-0125-SKU-010,2026-08-02,SKU-010,WH-002,DELIVERY,40,394.54
REC-0125-SKU-010,2026-08-02,SKU-010,WH-002,RECEIPT,215,422.38
EVT-0125-SKU-011,2026-08-02,SKU-011,WH-001,DELIVERY,49,454.13
EVT-0125-SKU-012,2026-08-02,SKU-012,WH-003,DELIVERY,36,62.06
REC-0125-SKU-012,2026-08-02,SKU-012,WH-003,RECEIPT,92,484.71
EVT-0125-SKU-013,2026-08-02,SKU-013,WH-002,DELIVERY,51,419.68
EVT-0125-SKU-014,2026-08-02,SKU-014,WH-003,DELIVERY,68,430.64
EVT-0125-SKU-015,2026-08-02,SKU-015,WH-003,DELIVERY,31,476.98
EVT-0125-SKU-016,2026-08-02,SKU-016,WH-003,DELIVERY,14,368.46
EVT-0125-SKU-017,2026-08-02,SKU-017,WH-001,DELIVERY,25,215.48
EVT-0125-SKU-018,2026-08-02,SKU-018,WH-002,DELIVERY,128,343.41
EVT-0125-SKU-019,2026-08-02,SKU-019,WH-001,DELIVERY,62,425.38
REC-0125-SKU-019,2026-08-02,SKU-019,WH-001,RECEIPT,119,105.17
EVT-0125-SKU-020,2026-08-02,SKU-020,WH-001,DELIVERY,38,158.77
EVT-0126-SKU-001,2026-08-03,SKU-001,WH-003,DELIVERY,18,134.24
REC-0126-SKU-001,2026-08-03,SKU-001,WH-003,RECEIPT,184,357.53
EVT-0126-SKU-002,2026-08-03,SKU-002,WH-002,DELIVERY,29,213.48
EVT-0126-SKU-003,2026-08-03,SKU-003,WH-002,DELIVERY,39,59.23
EVT-0126-SKU-004,2026-08-03,SKU-004,WH-001,DELIVERY,41,142.57
REC-0126-SKU-004,2026-08-03,SKU-004,WH-001,RECEIPT,109,113.1
EVT-0126-SKU-005,2026-08-03,SKU-005,WH-002,DELIVERY,53,380.44
EVT-0126-SKU-006,2026-08-03,SKU-006,WH-002,DELIVERY,46,170.96
REC-0126-SKU-006,2026-08-03,SKU-006,WH-002,RECEIPT,107,390.06
EVT-0126-SKU-007,2026-08-03,SKU-007,WH-002,DELIVERY,51,295.18
EVT-0126-SKU-008,2026-08-03,SKU-008,WH-001,DELIVERY,17,497.96
EVT-0126-SKU-009,2026-08-03,SKU-009,WH-002,DELIVERY,46,124.86
REC-0126-SKU-009,2026-08-03,SKU-009,WH-002,RECEIPT,141,240.54
EVT-0126-SKU-010,2026-08-03,SKU-010,WH-002,DELIVERY,45,105.67
EVT-0126-SKU-011,2026-08-03,SKU-011,WH-003,DELIVERY,58,136.8
EVT-0126-SKU-012,2026-08-03,SKU-012,WH-001,DELIVERY,31,476.35
EVT-0126-SKU-013,2026-08-03,SKU-013,WH-002,DELIVERY,49,336.3
EVT-0126-SKU-014,2026-08-03,SKU-014,WH-002,DELIVERY,34,174.23
REC-0126-SKU-014,2026-08-03,SKU-014,WH-002,RECEIPT,137,124.62
EVT-0126-SKU-015,2026-08-03,SKU-015,WH-001,DELIVERY,30,242.64
EVT-0126-SKU-016,2026-08-03,SKU-016,WH-003,DELIVERY,56,296.15
REC-0126-SKU-016,2026-08-03,SKU-016,WH-003,RECEIPT,220,483.52
EVT-0126-SKU-017,2026-08-03,SKU-017,WH-001,DELIVERY,43,48.03
REC-0126-SKU-017,2026-08-03,SKU-017,WH-001,RECEIPT,162,210.37
EVT-0126-SKU-018,2026-08-03,SKU-018,WH-001,DELIVERY,42,354.79
EVT-0126-SKU-019,2026-08-03,SKU-019,WH-002,DELIVERY,44,300.8
EVT-0126-SKU-020,2026-08-03,SKU-020,WH-003,DELIVERY,40,290.97
EVT-0127-SKU-001,2026-08-04,SKU-001,WH-003,DELIVERY,46,217.59
EVT-0127-SKU-002,2026-08-04,SKU-002,WH-002,DELIVERY,27,149.33
EVT-0127-SKU-003,2026-08-04,SKU-003,WH-003,DELIVERY,39,260.4
EVT-0127-SKU-004,2026-08-04,SKU-004,WH-002,DELIVERY,73,205.66
EVT-0127-SKU-005,2026-08-04,SKU-005,WH-002,DELIVERY,35,499.6
EVT-0127-SKU-006,2026-08-04,SKU-006,WH-002,DELIVERY,34,238.6
EVT-0127-SKU-007,2026-08-04,SKU-007,WH-001,DELIVERY,51,431.77
EVT-0127-SKU-008,2026-08-04,SKU-008,WH-001,DELIVERY,43,202.35
EVT-0127-SKU-009,2026-08-04,SKU-009,WH-002,DELIVERY,49,478.09
EVT-0127-SKU-010,2026-08-04,SKU-010,WH-002,DELIVERY,31,346.07
EVT-0127-SKU-011,2026-08-04,SKU-011,WH-003,DELIVERY,31,301.46
EVT-0127-SKU-012,2026-08-04,SKU-012,WH-002,DELIVERY,38,391.43
EVT-0127-SKU-013,2026-08-04,SKU-013,WH-002,DELIVERY,34,89.98
EVT-0127-SKU-014,2026-08-04,SKU-014,WH-002,DELIVERY,33,479.64
EVT-0127-SKU-015,2026-08-04,SKU-015,WH-001,DELIVERY,43,343.44
EVT-0127-SKU-016,2026-08-04,SKU-016,WH-001,DELIVERY,50,50.96
EVT-0127-SKU-017,2026-08-04,SKU-017,WH-002,DELIVERY,33,353.09
EVT-0127-SKU-018,2026-08-04,SKU-018,WH-003,DELIVERY,36,399.66
EVT-0127-SKU-019,2026-08-04,SKU-019,WH-001,DELIVERY,28,100.06
EVT-0127-SKU-020,2026-08-04,SKU-020,WH-002,DELIVERY,47,391.16
EVT-0128-SKU-001,2026-08-05,SKU-001,WH-003,DELIVERY,43,463.28
EVT-0128-SKU-002,2026-08-05,SKU-002,WH-002,DELIVERY,42,184.12
EVT-0128-SKU-003,2026-08-05,SKU-003,WH-001,DELIVERY,38,70.37
EVT-0128-SKU-004,2026-08-05,SKU-004,WH-003,DELIVERY,9,245.44
EVT-0128-SKU-005,2026-08-05,SKU-005,WH-003,DELIVERY,44,113.51
EVT-0128-SKU-006,2026-08-05,SKU-006,WH-001,DELIVERY,49,284.86
EVT-0128-SKU-007,2026-08-05,SKU-007,WH-001,DELIVERY,24,169.37
REC-0128-SKU-007,2026-08-05,SKU-007,WH-001,RECEIPT,109,345.38
EVT-0128-SKU-008,2026-08-05,SKU-008,WH-001,DELIVERY,33,84.65
EVT-0128-SKU-009,2026-08-05,SKU-009,WH-001,DELIVERY,49,392.88
EVT-0128-SKU-010,2026-08-05,SKU-010,WH-002,DELIVERY,30,123.64
EVT-0128-SKU-011,2026-08-05,SKU-011,WH-002,DELIVERY,54,494.4
EVT-0128-SKU-012,2026-08-05,SKU-012,WH-001,DELIVERY,34,327.05
EVT-0128-SKU-013,2026-08-05,SKU-013,WH-001,DELIVERY,61,130.68
EVT-0128-SKU-014,2026-08-05,SKU-014,WH-002,DELIVERY,58,476.43
EVT-0128-SKU-015,2026-08-05,SKU-015,WH-002,DELIVERY,132,496.18
EVT-0128-SKU-016,2026-08-05,SKU-016,WH-002,DELIVERY,27,168.91
EVT-0128-SKU-017,2026-08-05,SKU-017,WH-002,DELIVERY,36,362.24
EVT-0128-SKU-018,2026-08-05,SKU-018,WH-002,DELIVERY,46,195.26
EVT-0128-SKU-019,2026-08-05,SKU-019,WH-003,DELIVERY,57,193.14
EVT-0128-SKU-020,2026-08-05,SKU-020,WH-001,DELIVERY,39,466.21
EVT-0129-SKU-001,2026-08-06,SKU-001,WH-003,DELIVERY,30,256.26
EVT-0129-SKU-002,2026-08-06,SKU-002,WH-001,DELIVERY,35,164.33
EVT-0129-SKU-003,2026-08-06,SKU-003,WH-002,DELIVERY,30,235.28
EVT-0129-SKU-004,2026-08-06,SKU-004,WH-001,DELIVERY,50,370.79
EVT-0129-SKU-005,2026-08-06,SKU-005,WH-002,DELIVERY,39,349.03
EVT-0129-SKU-006,2026-08-06,SKU-006,WH-003,DELIVERY,44,50.58
EVT-0129-SKU-007,2026-08-06,SKU-007,WH-001,DELIVERY,40,303.08
EVT-0129-SKU-008,2026-08-06,SKU-008,WH-001,DELIVERY,47,44.44
EVT-0129-SKU-009,2026-08-06,SKU-009,WH-003,DELIVERY,48,111.87
EVT-0129-SKU-010,2026-08-06,SKU-010,WH-003,DELIVERY,17,401.62
EVT-0129-SKU-011,2026-08-06,SKU-011,WH-003,DELIVERY,53,383.19
EVT-0129-SKU-012,2026-08-06,SKU-012,WH-001,DELIVERY,52,477.64
EVT-0129-SKU-013,2026-08-06,SKU-013,WH-002,DELIVERY,42,76.53
EVT-0129-SKU-014,2026-08-06,SKU-014,WH-003,DELIVERY,31,258.98
EVT-0129-SKU-015,2026-08-06,SKU-015,WH-003,DELIVERY,56,172.51
EVT-0129-SKU-016,2026-08-06,SKU-016,WH-002,DELIVERY,38,42.9
EVT-0129-SKU-017,2026-08-06,SKU-017,WH-001,DELIVERY,37,127.1
EVT-0129-SKU-018,2026-08-06,SKU-018,WH-003,DELIVERY,64,126.57
EVT-0129-SKU-019,2026-08-06,SKU-019,WH-001,DELIVERY,48,316.71
EVT-0129-SKU-020,2026-08-06,SKU-020,WH-001,DELIVERY,54,419.26
EVT-0130-SKU-001,2026-08-07,SKU-001,WH-003,DELIVERY,65,169.47
EVT-0130-SKU-002,2026-08-07,SKU-002,WH-001,DELIVERY,41,267.2
REC-0130-SKU-002,2026-08-07,SKU-002,WH-001,RECEIPT,238,387.6
EVT-0130-SKU-003,2026-08-07,SKU-003,WH-002,DELIVERY,57,45.52
EVT-0130-SKU-004,2026-08-07,SKU-004,WH-002,DELIVERY,49,461.51
REC-0130-SKU-004,2026-08-07,SKU-004,WH-002,RECEIPT,235,351.97
EVT-0130-SKU-005,2026-08-07,SKU-005,WH-001,DELIVERY,22,204.73
EVT-0130-SKU-006,2026-08-07,SKU-006,WH-002,DELIVERY,31,391.17
REC-0130-SKU-006,2026-08-07,SKU-006,WH-002,RECEIPT,219,499.58
EVT-0130-SKU-007,2026-08-07,SKU-007,WH-001,DELIVERY,41,228.48
EVT-0130-SKU-008,2026-08-07,SKU-008,WH-002,DELIVERY,47,429.38
EVT-0130-SKU-009,2026-08-07,SKU-009,WH-002,DELIVERY,49,379.42
EVT-0130-SKU-010,2026-08-07,SKU-010,WH-002,DELIVERY,30,441.75
REC-0130-SKU-010,2026-08-07,SKU-010,WH-002,RECEIPT,177,495.29
EVT-0130-SKU-011,2026-08-07,SKU-011,WH-003,DELIVERY,46,416.01
EVT-0130-SKU-012,2026-08-07,SKU-012,WH-001,DELIVERY,49,124.6
EVT-0130-SKU-013,2026-08-07,SKU-013,WH-001,DELIVERY,34,49.97
EVT-0130-SKU-014,2026-08-07,SKU-014,WH-001,DELIVERY,44,479.39
EVT-0130-SKU-015,2026-08-07,SKU-015,WH-001,DELIVERY,46,240.15
EVT-0130-SKU-016,2026-08-07,SKU-016,WH-002,DELIVERY,55,67.49
EVT-0130-SKU-017,2026-08-07,SKU-017,WH-001,DELIVERY,57,105.08
EVT-0130-SKU-018,2026-08-07,SKU-018,WH-001,DELIVERY,34,45.97
EVT-0130-SKU-019,2026-08-07,SKU-019,WH-003,DELIVERY,49,237.34
EVT-0130-SKU-020,2026-08-07,SKU-020,WH-003,DELIVERY,54,169.67
REC-0130-SKU-020,2026-08-07,SKU-020,WH-003,RECEIPT,112,210.0
EVT-0131-SKU-001,2026-08-08,SKU-001,WH-002,DELIVERY,52,136.35
EVT-0131-SKU-002,2026-08-08,SKU-002,WH-003,DELIVERY,45,441.06
EVT-0131-SKU-003,2026-08-08,SKU-003,WH-003,DELIVERY,67,295.3
EVT-0131-SKU-004,2026-08-08,SKU-004,WH-003,DELIVERY,23,98.48
EVT-0131-SKU-005,2026-08-08,SKU-005,WH-003,DELIVERY,16,320.32
EVT-0131-SKU-006,2026-08-08,SKU-006,WH-002,DELIVERY,28,449.66
EVT-0131-SKU-007,2026-08-08,SKU-007,WH-003,DELIVERY,48,187.96
EVT-0131-SKU-008,2026-08-08,SKU-008,WH-002,DELIVERY,31,449.82
EVT-0131-SKU-009,2026-08-08,SKU-009,WH-001,DELIVERY,20,167.06
EVT-0131-SKU-010,2026-08-08,SKU-010,WH-002,DELIVERY,46,67.15
EVT-0131-SKU-011,2026-08-08,SKU-011,WH-001,DELIVERY,32,261.97
EVT-0131-SKU-012,2026-08-08,SKU-012,WH-002,DELIVERY,32,262.96
EVT-0131-SKU-013,2026-08-08,SKU-013,WH-003,DELIVERY,45,126.57
EVT-0131-SKU-014,2026-08-08,SKU-014,WH-002,DELIVERY,34,378.33
EVT-0131-SKU-015,2026-08-08,SKU-015,WH-003,DELIVERY,42,234.58
EVT-0131-SKU-016,2026-08-08,SKU-016,WH-002,DELIVERY,30,106.27
EVT-0131-SKU-017,2026-08-08,SKU-017,WH-001,DELIVERY,28,253.87
EVT-0131-SKU-018,2026-08-08,SKU-018,WH-002,DELIVERY,23,295.42
EVT-0131-SKU-019,2026-08-08,SKU-019,WH-002,DELIVERY,47,364.9
EVT-0131-SKU-020,2026-08-08,SKU-020,WH-002,DELIVERY,46,99.13
EVT-0132-SKU-001,2026-08-09,SKU-001,WH-001,DELIVERY,50,105.21
REC-0132-SKU-001,2026-08-09,SKU-001,WH-001,RECEIPT,220,51.71
EVT-0132-SKU-002,2026-08-09,SKU-002,WH-002,DELIVERY,43,221.95
EVT-0132-SKU-003,2026-08-09,SKU-003,WH-003,DELIVERY,41,300.18
EVT-0132-SKU-004,2026-08-09,SKU-004,WH-003,DELIVERY,37,369.94
EVT-0132-SKU-005,2026-08-09,SKU-005,WH-002,DELIVERY,44,280.48
EVT-0132-SKU-006,2026-08-09,SKU-006,WH-001,DELIVERY,41,487.27
EVT-0132-SKU-007,2026-08-09,SKU-007,WH-001,DELIVERY,22,290.75
REC-0132-SKU-007,2026-08-09,SKU-007,WH-001,RECEIPT,244,403.28
EVT-0132-SKU-008,2026-08-09,SKU-008,WH-003,DELIVERY,50,418.51
EVT-0132-SKU-009,2026-08-09,SKU-009,WH-002,DELIVERY,51,144.6
EVT-0132-SKU-010,2026-08-09,SKU-010,WH-003,DELIVERY,57,51.14
EVT-0132-SKU-011,2026-08-09,SKU-011,WH-002,DELIVERY,48,110.21
EVT-0132-SKU-012,2026-08-09,SKU-012,WH-003,DELIVERY,42,218.26
REC-0132-SKU-012,2026-08-09,SKU-012,WH-003,RECEIPT,84,274.71
EVT-0132-SKU-013,2026-08-09,SKU-013,WH-002,DELIVERY,22,293.01
EVT-0132-SKU-014,2026-08-09,SKU-014,WH-001,DELIVERY,40,136.06
REC-0132-SKU-014,2026-08-09,SKU-014,WH-001,RECEIPT,81,200.72
EVT-0132-SKU-015,2026-08-09,SKU-015,WH-001,DELIVERY,29,115.52
EVT-0132-SKU-016,2026-08-09,SKU-016,WH-001,DELIVERY,34,460.99
EVT-0132-SKU-017,2026-08-09,SKU-017,WH-002,DELIVERY,26,132.73
EVT-0132-SKU-018,2026-08-09,SKU-018,WH-002,DELIVERY,35,453.05
REC-0132-SKU-018,2026-08-09,SKU-018,WH-002,RECEIPT,110,339.21
EVT-0132-SKU-019,2026-08-09,SKU-019,WH-002,DELIVERY,56,275.43
REC-0132-SKU-019,2026-08-09,SKU-019,WH-002,RECEIPT,132,125.02
EVT-0132-SKU-020,2026-08-09,SKU-020,WH-001,DELIVERY,42,89.1
EVT-0133-SKU-001,2026-08-10,SKU-001,WH-001,DELIVERY,41,357.28
EVT-0133-SKU-002,2026-08-10,SKU-002,WH-003,DELIVERY,20,206.03
EVT-0133-SKU-003,2026-08-10,SKU-003,WH-003,DELIVERY,29,156.07
EVT-0133-SKU-004,2026-08-10,SKU-004,WH-002,DELIVERY,112,435.76
EVT-0133-SKU-005,2026-08-10,SKU-005,WH-002,DELIVERY,51,492.75
REC-0133-SKU-005,2026-08-10,SKU-005,WH-002,RECEIPT,205,260.88
EVT-0133-SKU-006,2026-08-10,SKU-006,WH-003,DELIVERY,36,493.92
EVT-0133-SKU-007,2026-08-10,SKU-007,WH-001,DELIVERY,21,324.87
EVT-0133-SKU-008,2026-08-10,SKU-008,WH-002,DELIVERY,23,179.59
EVT-0133-SKU-009,2026-08-10,SKU-009,WH-003,DELIVERY,33,139.04
EVT-0133-SKU-010,2026-08-10,SKU-010,WH-002,DELIVERY,37,211.5
EVT-0133-SKU-011,2026-08-10,SKU-011,WH-002,DELIVERY,34,95.24
REC-0133-SKU-011,2026-08-10,SKU-011,WH-002,RECEIPT,147,250.19
EVT-0133-SKU-012,2026-08-10,SKU-012,WH-001,DELIVERY,31,332.89
EVT-0133-SKU-013,2026-08-10,SKU-013,WH-002,DELIVERY,42,249.41
EVT-0133-SKU-014,2026-08-10,SKU-014,WH-002,DELIVERY,45,299.09
EVT-0133-SKU-015,2026-08-10,SKU-015,WH-003,DELIVERY,37,213.62
EVT-0133-SKU-016,2026-08-10,SKU-016,WH-002,DELIVERY,32,254.22
REC-0133-SKU-016,2026-08-10,SKU-016,WH-002,RECEIPT,83,305.31
EVT-0133-SKU-017,2026-08-10,SKU-017,WH-001,DELIVERY,23,366.55
EVT-0133-SKU-018,2026-08-10,SKU-018,WH-001,DELIVERY,14,51.23
EVT-0133-SKU-019,2026-08-10,SKU-019,WH-001,DELIVERY,123,441.82
EVT-0133-SKU-020,2026-08-10,SKU-020,WH-003,DELIVERY,53,264.72
EVT-0134-SKU-001,2026-08-11,SKU-001,WH-003,DELIVERY,42,315.1
EVT-0134-SKU-002,2026-08-11,SKU-002,WH-002,DELIVERY,36,211.7
EVT-0134-SKU-003,2026-08-11,SKU-003,WH-003,DELIVERY,33,199.52
EVT-0134-SKU-004,2026-08-11,SKU-004,WH-003,DELIVERY,37,255.04
EVT-0134-SKU-005,2026-08-11,SKU-005,WH-002,DELIVERY,50,350.83
EVT-0134-SKU-006,2026-08-11,SKU-006,WH-002,DELIVERY,54,79.76
EVT-0134-SKU-007,2026-08-11,SKU-007,WH-001,DELIVERY,34,386.7
EVT-0134-SKU-008,2026-08-11,SKU-008,WH-001,DELIVERY,49,462.42
EVT-0134-SKU-009,2026-08-11,SKU-009,WH-003,DELIVERY,30,431.51
EVT-0134-SKU-010,2026-08-11,SKU-010,WH-001,DELIVERY,54,222.32
EVT-0134-SKU-011,2026-08-11,SKU-011,WH-001,DELIVERY,55,304.71
EVT-0134-SKU-012,2026-08-11,SKU-012,WH-003,DELIVERY,39,115.76
EVT-0134-SKU-013,2026-08-11,SKU-013,WH-003,DELIVERY,37,376.65
EVT-0134-SKU-014,2026-08-11,SKU-014,WH-003,DELIVERY,29,280.64
EVT-0134-SKU-015,2026-08-11,SKU-015,WH-001,DELIVERY,22,494.46
EVT-0134-SKU-016,2026-08-11,SKU-016,WH-003,DELIVERY,30,111.62
EVT-0134-SKU-017,2026-08-11,SKU-017,WH-003,DELIVERY,61,89.59
EVT-0134-SKU-018,2026-08-11,SKU-018,WH-001,DELIVERY,40,181.02
EVT-0134-SKU-019,2026-08-11,SKU-019,WH-002,DELIVERY,46,414.67
EVT-0134-SKU-020,2026-08-11,SKU-020,WH-001,DELIVERY,26,95.69
EVT-0135-SKU-001,2026-08-12,SKU-001,WH-003,DELIVERY,48,234.08
EVT-0135-SKU-002,2026-08-12,SKU-002,WH-003,DELIVERY,43,361.0
REC-0135-SKU-002,2026-08-12,SKU-002,WH-003,RECEIPT,167,218.36
EVT-0135-SKU-003,2026-08-12,SKU-003,WH-001,DELIVERY,34,332.2
REC-0135-SKU-003,2026-08-12,SKU-003,WH-001,RECEIPT,205,489.43
EVT-0135-SKU-004,2026-08-12,SKU-004,WH-002,DELIVERY,55,54.28
EVT-0135-SKU-005,2026-08-12,SKU-005,WH-002,DELIVERY,40,310.08
EVT-0135-SKU-006,2026-08-12,SKU-006,WH-003,DELIVERY,19,52.57
REC-0135-SKU-006,2026-08-12,SKU-006,WH-003,RECEIPT,204,389.16
EVT-0135-SKU-007,2026-08-12,SKU-007,WH-001,DELIVERY,25,373.17
EVT-0135-SKU-008,2026-08-12,SKU-008,WH-002,DELIVERY,42,195.2
EVT-0135-SKU-009,2026-08-12,SKU-009,WH-001,DELIVERY,33,247.55
EVT-0135-SKU-010,2026-08-12,SKU-010,WH-001,DELIVERY,212,312.98
REC-0135-SKU-010,2026-08-12,SKU-010,WH-001,RECEIPT,209,244.44
EVT-0135-SKU-011,2026-08-12,SKU-011,WH-003,DELIVERY,44,408.6
REC-0135-SKU-011,2026-08-12,SKU-011,WH-003,RECEIPT,144,309.4
EVT-0135-SKU-012,2026-08-12,SKU-012,WH-003,DELIVERY,48,120.0
EVT-0135-SKU-013,2026-08-12,SKU-013,WH-002,DELIVERY,42,236.3
EVT-0135-SKU-014,2026-08-12,SKU-014,WH-001,DELIVERY,37,263.67
REC-0135-SKU-014,2026-08-12,SKU-014,WH-001,RECEIPT,179,396.84
EVT-0135-SKU-015,2026-08-12,SKU-015,WH-003,DELIVERY,57,124.03
EVT-0135-SKU-016,2026-08-12,SKU-016,WH-003,DELIVERY,28,266.94
EVT-0135-SKU-017,2026-08-12,SKU-017,WH-003,DELIVERY,45,100.72
REC-0135-SKU-017,2026-08-12,SKU-017,WH-003,RECEIPT,192,268.23
EVT-0135-SKU-018,2026-08-12,SKU-018,WH-003,DELIVERY,38,365.87
EVT-0135-SKU-019,2026-08-12,SKU-019,WH-003,DELIVERY,27,240.69
EVT-0135-SKU-020,2026-08-12,SKU-020,WH-001,DELIVERY,36,160.88
EVT-0136-SKU-001,2026-08-13,SKU-001,WH-002,DELIVERY,18,442.75
EVT-0136-SKU-002,2026-08-13,SKU-002,WH-001,DELIVERY,55,302.39
REC-0136-SKU-002,2026-08-13,SKU-002,WH-001,RECEIPT,194,343.54
EVT-0136-SKU-003,2026-08-13,SKU-003,WH-003,DELIVERY,33,403.4
EVT-0136-SKU-004,2026-08-13,SKU-004,WH-003,DELIVERY,46,297.45
REC-0136-SKU-004,2026-08-13,SKU-004,WH-003,RECEIPT,131,107.8
EVT-0136-SKU-005,2026-08-13,SKU-005,WH-001,DELIVERY,39,274.69
EVT-0136-SKU-006,2026-08-13,SKU-006,WH-001,DELIVERY,28,162.31
EVT-0136-SKU-007,2026-08-13,SKU-007,WH-002,DELIVERY,44,435.87
REC-0136-SKU-007,2026-08-13,SKU-007,WH-002,RECEIPT,128,345.46
EVT-0136-SKU-008,2026-08-13,SKU-008,WH-002,DELIVERY,35,85.56
EVT-0136-SKU-009,2026-08-13,SKU-009,WH-003,DELIVERY,29,107.21
EVT-0136-SKU-010,2026-08-13,SKU-010,WH-003,DELIVERY,28,389.84
EVT-0136-SKU-011,2026-08-13,SKU-011,WH-003,DELIVERY,44,328.39
EVT-0136-SKU-012,2026-08-13,SKU-012,WH-003,DELIVERY,39,143.66
EVT-0136-SKU-013,2026-08-13,SKU-013,WH-002,DELIVERY,51,399.09
EVT-0136-SKU-014,2026-08-13,SKU-014,WH-001,DELIVERY,44,468.16
EVT-0136-SKU-015,2026-08-13,SKU-015,WH-002,DELIVERY,21,98.57
EVT-0136-SKU-016,2026-08-13,SKU-016,WH-003,DELIVERY,25,332.26
REC-0136-SKU-016,2026-08-13,SKU-016,WH-003,RECEIPT,233,279.78
EVT-0136-SKU-017,2026-08-13,SKU-017,WH-002,DELIVERY,41,70.51
EVT-0136-SKU-018,2026-08-13,SKU-018,WH-003,DELIVERY,27,106.96
EVT-0136-SKU-019,2026-08-13,SKU-019,WH-002,DELIVERY,38,493.87
EVT-0136-SKU-020,2026-08-13,SKU-020,WH-002,DELIVERY,49,318.44
EVT-0137-SKU-001,2026-08-14,SKU-001,WH-002,DELIVERY,28,356.69
EVT-0137-SKU-002,2026-08-14,SKU-002,WH-002,DELIVERY,39,358.06
EVT-0137-SKU-003,2026-08-14,SKU-003,WH-003,DELIVERY,23,163.38
EVT-0137-SKU-004,2026-08-14,SKU-004,WH-002,DELIVERY,38,144.81
EVT-0137-SKU-005,2026-08-14,SKU-005,WH-001,DELIVERY,29,419.84
EVT-0137-SKU-006,2026-08-14,SKU-006,WH-002,DELIVERY,35,234.97
EVT-0137-SKU-007,2026-08-14,SKU-007,WH-003,DELIVERY,45,175.71
EVT-0137-SKU-008,2026-08-14,SKU-008,WH-003,DELIVERY,35,187.73
EVT-0137-SKU-009,2026-08-14,SKU-009,WH-003,DELIVERY,34,174.07
EVT-0137-SKU-010,2026-08-14,SKU-010,WH-001,DELIVERY,39,331.38
EVT-0137-SKU-011,2026-08-14,SKU-011,WH-001,DELIVERY,56,220.15
EVT-0137-SKU-012,2026-08-14,SKU-012,WH-003,DELIVERY,25,197.04
EVT-0137-SKU-013,2026-08-14,SKU-013,WH-003,DELIVERY,45,293.31
EVT-0137-SKU-014,2026-08-14,SKU-014,WH-001,DELIVERY,42,413.52
EVT-0137-SKU-015,2026-08-14,SKU-015,WH-002,DELIVERY,4,167.46
EVT-0137-SKU-016,2026-08-14,SKU-016,WH-001,DELIVERY,50,491.53
EVT-0137-SKU-017,2026-08-14,SKU-017,WH-003,DELIVERY,50,104.27
EVT-0137-SKU-018,2026-08-14,SKU-018,WH-002,DELIVERY,48,497.33
EVT-0137-SKU-019,2026-08-14,SKU-019,WH-001,DELIVERY,37,400.58
EVT-0137-SKU-020,2026-08-14,SKU-020,WH-001,DELIVERY,54,343.74
EVT-0138-SKU-001,2026-08-15,SKU-001,WH-001,DELIVERY,65,170.73
EVT-0138-SKU-002,2026-08-15,SKU-002,WH-001,DELIVERY,61,317.68
EVT-0138-SKU-003,2026-08-15,SKU-003,WH-003,DELIVERY,34,308.7
EVT-0138-SKU-004,2026-08-15,SKU-004,WH-001,DELIVERY,47,419.55
EVT-0138-SKU-005,2026-08-15,SKU-005,WH-003,DELIVERY,17,380.61
EVT-0138-SKU-006,2026-08-15,SKU-006,WH-002,DELIVERY,20,153.25
EVT-0138-SKU-007,2026-08-15,SKU-007,WH-001,DELIVERY,40,462.11
EVT-0138-SKU-008,2026-08-15,SKU-008,WH-001,DELIVERY,280,240.19
EVT-0138-SKU-009,2026-08-15,SKU-009,WH-002,DELIVERY,41,367.72
EVT-0138-SKU-010,2026-08-15,SKU-010,WH-001,DELIVERY,45,216.86
EVT-0138-SKU-011,2026-08-15,SKU-011,WH-001,DELIVERY,30,266.1
EVT-0138-SKU-012,2026-08-15,SKU-012,WH-002,DELIVERY,37,273.48
EVT-0138-SKU-013,2026-08-15,SKU-013,WH-002,DELIVERY,30,316.44
EVT-0138-SKU-014,2026-08-15,SKU-014,WH-001,DELIVERY,32,135.28
EVT-0138-SKU-015,2026-08-15,SKU-015,WH-002,DELIVERY,32,146.21
EVT-0138-SKU-016,2026-08-15,SKU-016,WH-001,DELIVERY,45,299.12
REC-0138-SKU-016,2026-08-15,SKU-016,WH-001,RECEIPT,195,368.01
EVT-0138-SKU-017,2026-08-15,SKU-017,WH-001,DELIVERY,31,265.84
EVT-0138-SKU-018,2026-08-15,SKU-018,WH-002,DELIVERY,47,157.27
EVT-0138-SKU-019,2026-08-15,SKU-019,WH-002,DELIVERY,12,117.53
EVT-0138-SKU-020,2026-08-15,SKU-020,WH-001,DELIVERY,70,207.7
EVT-0139-SKU-001,2026-08-16,SKU-001,WH-001,DELIVERY,38,294.3
EVT-0139-SKU-002,2026-08-16,SKU-002,WH-001,DELIVERY,33,157.37
EVT-0139-SKU-003,2026-08-16,SKU-003,WH-002,DELIVERY,48,125.57
EVT-0139-SKU-004,2026-08-16,SKU-004,WH-002,DELIVERY,49,70.72
EVT-0139-SKU-005,2026-08-16,SKU-005,WH-003,DELIVERY,56,478.77
EVT-0139-SKU-006,2026-08-16,SKU-006,WH-002,DELIVERY,45,473.33
EVT-0139-SKU-007,2026-08-16,SKU-007,WH-001,DELIVERY,70,75.44
EVT-0139-SKU-008,2026-08-16,SKU-008,WH-002,DELIVERY,43,122.22
EVT-0139-SKU-009,2026-08-16,SKU-009,WH-002,DELIVERY,29,285.48
EVT-0139-SKU-010,2026-08-16,SKU-010,WH-001,DELIVERY,36,189.72
EVT-0139-SKU-011,2026-08-16,SKU-011,WH-002,DELIVERY,37,66.15
EVT-0139-SKU-012,2026-08-16,SKU-012,WH-001,DELIVERY,39,111.72
EVT-0139-SKU-013,2026-08-16,SKU-013,WH-001,DELIVERY,54,168.47
EVT-0139-SKU-014,2026-08-16,SKU-014,WH-002,DELIVERY,22,90.54
EVT-0139-SKU-015,2026-08-16,SKU-015,WH-001,DELIVERY,27,213.62
EVT-0139-SKU-016,2026-08-16,SKU-016,WH-002,DELIVERY,24,407.47
EVT-0139-SKU-017,2026-08-16,SKU-017,WH-003,DELIVERY,28,482.57
EVT-0139-SKU-018,2026-08-16,SKU-018,WH-003,DELIVERY,36,425.31
EVT-0139-SKU-019,2026-08-16,SKU-019,WH-002,DELIVERY,27,269.87
EVT-0139-SKU-020,2026-08-16,SKU-020,WH-001,DELIVERY,38,497.57
EVT-0140-SKU-001,2026-08-17,SKU-001,WH-001,DELIVERY,30,211.87
REC-0140-SKU-001,2026-08-17,SKU-001,WH-001,RECEIPT,204,131.4
EVT-0140-SKU-002,2026-08-17,SKU-002,WH-001,DELIVERY,32,396.53
REC-0140-SKU-002,2026-08-17,SKU-002,WH-001,RECEIPT,195,437.99
EVT-0140-SKU-003,2026-08-17,SKU-003,WH-003,DELIVERY,53,105.47
EVT-0140-SKU-004,2026-08-17,SKU-004,WH-002,DELIVERY,56,223.65
EVT-0140-SKU-005,2026-08-17,SKU-005,WH-002,DELIVERY,49,63.62
REC-0140-SKU-005,2026-08-17,SKU-005,WH-002,RECEIPT,243,464.46
EVT-0140-SKU-006,2026-08-17,SKU-006,WH-002,DELIVERY,30,201.26
EVT-0140-SKU-007,2026-08-17,SKU-007,WH-003,DELIVERY,43,417.7
EVT-0140-SKU-008,2026-08-17,SKU-008,WH-001,DELIVERY,36,439.57
EVT-0140-SKU-009,2026-08-17,SKU-009,WH-001,DELIVERY,35,116.33
EVT-0140-SKU-010,2026-08-17,SKU-010,WH-001,DELIVERY,46,298.33
REC-0140-SKU-010,2026-08-17,SKU-010,WH-001,RECEIPT,86,274.37
EVT-0140-SKU-011,2026-08-17,SKU-011,WH-003,DELIVERY,37,407.32
EVT-0140-SKU-012,2026-08-17,SKU-012,WH-002,DELIVERY,39,171.07
REC-0140-SKU-012,2026-08-17,SKU-012,WH-002,RECEIPT,212,309.39
EVT-0140-SKU-013,2026-08-17,SKU-013,WH-002,DELIVERY,40,346.51
EVT-0140-SKU-014,2026-08-17,SKU-014,WH-001,DELIVERY,27,213.85
EVT-0140-SKU-015,2026-08-17,SKU-015,WH-003,DELIVERY,38,460.9
EVT-0140-SKU-016,2026-08-17,SKU-016,WH-003,DELIVERY,30,221.42
REC-0140-SKU-016,2026-08-17,SKU-016,WH-003,RECEIPT,91,179.34
EVT-0140-SKU-017,2026-08-17,SKU-017,WH-001,DELIVERY,45,419.92
REC-0140-SKU-017,2026-08-17,SKU-017,WH-001,RECEIPT,189,291.65
EVT-0140-SKU-018,2026-08-17,SKU-018,WH-002,DELIVERY,54,136.88
EVT-0140-SKU-019,2026-08-17,SKU-019,WH-001,DELIVERY,45,70.4
EVT-0140-SKU-020,2026-08-17,SKU-020,WH-001,DELIVERY,32,267.0
EVT-0141-SKU-001,2026-08-18,SKU-001,WH-003,DELIVERY,15,490.55
EVT-0141-SKU-002,2026-08-18,SKU-002,WH-002,DELIVERY,46,292.05
EVT-0141-SKU-003,2026-08-18,SKU-003,WH-003,DELIVERY,32,424.26
EVT-0141-SKU-004,2026-08-18,SKU-004,WH-003,DELIVERY,27,152.84
EVT-0141-SKU-005,2026-08-18,SKU-005,WH-002,DELIVERY,29,269.48
EVT-0141-SKU-006,2026-08-18,SKU-006,WH-001,DELIVERY,41,178.16
EVT-0141-SKU-007,2026-08-18,SKU-007,WH-001,DELIVERY,46,140.72
EVT-0141-SKU-008,2026-08-18,SKU-008,WH-002,DELIVERY,26,465.98
EVT-0141-SKU-009,2026-08-18,SKU-009,WH-002,DELIVERY,39,77.32
EVT-0141-SKU-010,2026-08-18,SKU-010,WH-003,DELIVERY,27,467.07
EVT-0141-SKU-011,2026-08-18,SKU-011,WH-002,DELIVERY,43,238.8
EVT-0141-SKU-012,2026-08-18,SKU-012,WH-002,DELIVERY,38,193.54
EVT-0141-SKU-013,2026-08-18,SKU-013,WH-001,DELIVERY,35,466.8
EVT-0141-SKU-014,2026-08-18,SKU-014,WH-003,DELIVERY,52,237.85
EVT-0141-SKU-015,2026-08-18,SKU-015,WH-002,DELIVERY,40,315.07
EVT-0141-SKU-016,2026-08-18,SKU-016,WH-001,DELIVERY,61,77.86
EVT-0141-SKU-017,2026-08-18,SKU-017,WH-001,DELIVERY,26,486.23
EVT-0141-SKU-018,2026-08-18,SKU-018,WH-001,DELIVERY,144,55.03
EVT-0141-SKU-019,2026-08-18,SKU-019,WH-002,DELIVERY,28,346.39
EVT-0141-SKU-020,2026-08-18,SKU-020,WH-001,DELIVERY,15,182.49
EVT-0142-SKU-001,2026-08-19,SKU-001,WH-001,DELIVERY,44,40.1
EVT-0142-SKU-002,2026-08-19,SKU-002,WH-001,DELIVERY,39,419.13
EVT-0142-SKU-003,2026-08-19,SKU-003,WH-001,DELIVERY,38,72.97
EVT-0142-SKU-004,2026-08-19,SKU-004,WH-001,DELIVERY,49,318.84
EVT-0142-SKU-005,2026-08-19,SKU-005,WH-001,DELIVERY,28,318.98
EVT-0142-SKU-006,2026-08-19,SKU-006,WH-001,DELIVERY,25,195.78
EVT-0142-SKU-007,2026-08-19,SKU-007,WH-003,DELIVERY,27,180.94
EVT-0142-SKU-008,2026-08-19,SKU-008,WH-002,DELIVERY,42,148.16
EVT-0142-SKU-009,2026-08-19,SKU-009,WH-003,DELIVERY,35,111.4
EVT-0142-SKU-010,2026-08-19,SKU-010,WH-001,DELIVERY,47,94.15
EVT-0142-SKU-011,2026-08-19,SKU-011,WH-002,DELIVERY,53,193.05
EVT-0142-SKU-012,2026-08-19,SKU-012,WH-003,DELIVERY,53,261.53
EVT-0142-SKU-013,2026-08-19,SKU-013,WH-001,DELIVERY,56,375.52
EVT-0142-SKU-014,2026-08-19,SKU-014,WH-003,DELIVERY,32,257.69
EVT-0142-SKU-015,2026-08-19,SKU-015,WH-002,DELIVERY,44,54.43
EVT-0142-SKU-016,2026-08-19,SKU-016,WH-002,DELIVERY,46,268.9
EVT-0142-SKU-017,2026-08-19,SKU-017,WH-003,DELIVERY,48,382.83
EVT-0142-SKU-018,2026-08-19,SKU-018,WH-003,DELIVERY,30,461.13
EVT-0142-SKU-019,2026-08-19,SKU-019,WH-001,DELIVERY,44,82.88
EVT-0142-SKU-020,2026-08-19,SKU-020,WH-001,DELIVERY,34,104.56
EVT-0143-SKU-001,2026-08-20,SKU-001,WH-002,DELIVERY,56,394.6
EVT-0143-SKU-002,2026-08-20,SKU-002,WH-003,DELIVERY,29,322.84
EVT-0143-SKU-003,2026-08-20,SKU-003,WH-001,DELIVERY,56,132.79
EVT-0143-SKU-004,2026-08-20,SKU-004,WH-002,DELIVERY,52,434.58
EVT-0143-SKU-005,2026-08-20,SKU-005,WH-003,DELIVERY,28,466.23
EVT-0143-SKU-006,2026-08-20,SKU-006,WH-002,DELIVERY,49,376.38
EVT-0143-SKU-007,2026-08-20,SKU-007,WH-002,DELIVERY,55,498.52
EVT-0143-SKU-008,2026-08-20,SKU-008,WH-001,DELIVERY,36,48.24
EVT-0143-SKU-009,2026-08-20,SKU-009,WH-002,DELIVERY,45,446.81
EVT-0143-SKU-010,2026-08-20,SKU-010,WH-002,DELIVERY,29,142.53
EVT-0143-SKU-011,2026-08-20,SKU-011,WH-002,DELIVERY,58,347.48
EVT-0143-SKU-012,2026-08-20,SKU-012,WH-002,DELIVERY,25,284.14
EVT-0143-SKU-013,2026-08-20,SKU-013,WH-001,DELIVERY,52,237.8
EVT-0143-SKU-014,2026-08-20,SKU-014,WH-002,DELIVERY,36,453.77
REC-0143-SKU-014,2026-08-20,SKU-014,WH-002,RECEIPT,84,270.81
EVT-0143-SKU-015,2026-08-20,SKU-015,WH-003,DELIVERY,44,316.11
EVT-0143-SKU-016,2026-08-20,SKU-016,WH-002,DELIVERY,23,138.17
EVT-0143-SKU-017,2026-08-20,SKU-017,WH-001,DELIVERY,56,373.83
EVT-0143-SKU-018,2026-08-20,SKU-018,WH-003,DELIVERY,18,46.54
REC-0143-SKU-018,2026-08-20,SKU-018,WH-003,RECEIPT,100,191.24
EVT-0143-SKU-019,2026-08-20,SKU-019,WH-001,DELIVERY,42,384.73
EVT-0143-SKU-020,2026-08-20,SKU-020,WH-001,DELIVERY,39,349.03
REC-0143-SKU-020,2026-08-20,SKU-020,WH-001,RECEIPT,121,456.74
EVT-0144-SKU-001,2026-08-21,SKU-001,WH-001,DELIVERY,38,172.84
REC-0144-SKU-001,2026-08-21,SKU-001,WH-001,RECEIPT,99,492.09
EVT-0144-SKU-002,2026-08-21,SKU-002,WH-001,DELIVERY,28,41.53
REC-0144-SKU-002,2026-08-21,SKU-002,WH-001,RECEIPT,96,398.19
EVT-0144-SKU-003,2026-08-21,SKU-003,WH-002,DELIVERY,45,95.86
REC-0144-SKU-003,2026-08-21,SKU-003,WH-002,RECEIPT,210,96.16
EVT-0144-SKU-004,2026-08-21,SKU-004,WH-003,DELIVERY,38,401.33
EVT-0144-SKU-005,2026-08-21,SKU-005,WH-001,DELIVERY,32,474.67
EVT-0144-SKU-006,2026-08-21,SKU-006,WH-003,DELIVERY,49,404.92
REC-0144-SKU-006,2026-08-21,SKU-006,WH-003,RECEIPT,96,114.65
EVT-0144-SKU-007,2026-08-21,SKU-007,WH-002,DELIVERY,51,260.2
EVT-0144-SKU-008,2026-08-21,SKU-008,WH-001,DELIVERY,58,219.07
EVT-0144-SKU-009,2026-08-21,SKU-009,WH-001,DELIVERY,47,117.06
REC-0144-SKU-009,2026-08-21,SKU-009,WH-001,RECEIPT,230,383.96
EVT-0144-SKU-010,2026-08-21,SKU-010,WH-001,DELIVERY,20,382.54
REC-0144-SKU-010,2026-08-21,SKU-010,WH-001,RECEIPT,222,394.59
EVT-0144-SKU-011,2026-08-21,SKU-011,WH-002,DELIVERY,34,56.73
REC-0144-SKU-011,2026-08-21,SKU-011,WH-002,RECEIPT,80,302.63
EVT-0144-SKU-012,2026-08-21,SKU-012,WH-001,DELIVERY,50,469.6
EVT-0144-SKU-013,2026-08-21,SKU-013,WH-002,DELIVERY,39,253.2
EVT-0144-SKU-014,2026-08-21,SKU-014,WH-001,DELIVERY,38,298.25
REC-0144-SKU-014,2026-08-21,SKU-014,WH-001,RECEIPT,231,102.45
EVT-0144-SKU-015,2026-08-21,SKU-015,WH-002,DELIVERY,25,95.09
EVT-0144-SKU-016,2026-08-21,SKU-016,WH-003,DELIVERY,34,183.55
EVT-0144-SKU-017,2026-08-21,SKU-017,WH-002,DELIVERY,45,345.82
EVT-0144-SKU-018,2026-08-21,SKU-018,WH-003,DELIVERY,41,214.61
EVT-0144-SKU-019,2026-08-21,SKU-019,WH-002,DELIVERY,33,284.24
REC-0144-SKU-019,2026-08-21,SKU-019,WH-002,RECEIPT,207,181.86
EVT-0144-SKU-020,2026-08-21,SKU-020,WH-002,DELIVERY,50,52.03
REC-0144-SKU-020,2026-08-21,SKU-020,WH-002,RECEIPT,163,125.0
EVT-0145-SKU-001,2026-08-22,SKU-001,WH-001,DELIVERY,58,431.72
EVT-0145-SKU-002,2026-08-22,SKU-002,WH-001,DELIVERY,19,161.53
EVT-0145-SKU-003,2026-08-22,SKU-003,WH-002,DELIVERY,45,408.17
EVT-0145-SKU-004,2026-08-22,SKU-004,WH-001,DELIVERY,35,427.07
EVT-0145-SKU-005,2026-08-22,SKU-005,WH-003,DELIVERY,24,176.71
EVT-0145-SKU-006,2026-08-22,SKU-006,WH-001,DELIVERY,35,386.06
REC-0145-SKU-006,2026-08-22,SKU-006,WH-001,RECEIPT,159,462.67
EVT-0145-SKU-007,2026-08-22,SKU-007,WH-002,DELIVERY,49,102.97
EVT-0145-SKU-008,2026-08-22,SKU-008,WH-003,DELIVERY,270,59.56
EVT-0145-SKU-009,2026-08-22,SKU-009,WH-002,DELIVERY,30,298.15
EVT-0145-SKU-010,2026-08-22,SKU-010,WH-001,DELIVERY,37,125.16
EVT-0145-SKU-011,2026-08-22,SKU-011,WH-003,DELIVERY,45,98.26
EVT-0145-SKU-012,2026-08-22,SKU-012,WH-002,DELIVERY,135,305.28
EVT-0145-SKU-013,2026-08-22,SKU-013,WH-002,DELIVERY,35,346.77
EVT-0145-SKU-014,2026-08-22,SKU-014,WH-003,DELIVERY,38,102.66
EVT-0145-SKU-015,2026-08-22,SKU-015,WH-003,DELIVERY,37,97.34
EVT-0145-SKU-016,2026-08-22,SKU-016,WH-002,DELIVERY,48,268.93
EVT-0145-SKU-017,2026-08-22,SKU-017,WH-002,DELIVERY,23,305.24
EVT-0145-SKU-018,2026-08-22,SKU-018,WH-003,DELIVERY,29,367.09
EVT-0145-SKU-019,2026-08-22,SKU-019,WH-001,DELIVERY,39,101.16
EVT-0145-SKU-020,2026-08-22,SKU-020,WH-002,DELIVERY,20,304.3
EVT-0146-SKU-001,2026-08-23,SKU-001,WH-003,DELIVERY,54,197.02
EVT-0146-SKU-002,2026-08-23,SKU-002,WH-001,DELIVERY,51,338.06
EVT-0146-SKU-003,2026-08-23,SKU-003,WH-002,DELIVERY,34,352.94
EVT-0146-SKU-004,2026-08-23,SKU-004,WH-003,DELIVERY,50,332.12
EVT-0146-SKU-005,2026-08-23,SKU-005,WH-002,DELIVERY,25,344.66
EVT-0146-SKU-006,2026-08-23,SKU-006,WH-002,DELIVERY,59,241.23
EVT-0146-SKU-007,2026-08-23,SKU-007,WH-001,DELIVERY,33,423.5
EVT-0146-SKU-008,2026-08-23,SKU-008,WH-003,DELIVERY,42,230.17
EVT-0146-SKU-009,2026-08-23,SKU-009,WH-001,DELIVERY,38,257.69
EVT-0146-SKU-010,2026-08-23,SKU-010,WH-003,DELIVERY,47,179.47
EVT-0146-SKU-011,2026-08-23,SKU-011,WH-002,DELIVERY,47,483.21
EVT-0146-SKU-012,2026-08-23,SKU-012,WH-001,DELIVERY,62,241.54
EVT-0146-SKU-013,2026-08-23,SKU-013,WH-001,DELIVERY,43,493.79
EVT-0146-SKU-014,2026-08-23,SKU-014,WH-001,DELIVERY,23,210.58
EVT-0146-SKU-015,2026-08-23,SKU-015,WH-003,DELIVERY,59,182.7
EVT-0146-SKU-016,2026-08-23,SKU-016,WH-001,DELIVERY,53,480.29
EVT-0146-SKU-017,2026-08-23,SKU-017,WH-001,DELIVERY,47,480.53
EVT-0146-SKU-018,2026-08-23,SKU-018,WH-003,DELIVERY,34,283.03
EVT-0146-SKU-019,2026-08-23,SKU-019,WH-001,DELIVERY,31,301.26
EVT-0146-SKU-020,2026-08-23,SKU-020,WH-002,DELIVERY,56,89.89
EVT-0147-SKU-001,2026-08-24,SKU-001,WH-003,DELIVERY,40,309.65
EVT-0147-SKU-002,2026-08-24,SKU-002,WH-003,DELIVERY,30,316.72
EVT-0147-SKU-003,2026-08-24,SKU-003,WH-001,DELIVERY,27,189.37
EVT-0147-SKU-004,2026-08-24,SKU-004,WH-002,DELIVERY,51,150.94
EVT-0147-SKU-005,2026-08-24,SKU-005,WH-002,DELIVERY,132,87.47
REC-0147-SKU-005,2026-08-24,SKU-005,WH-002,RECEIPT,139,228.94
EVT-0147-SKU-006,2026-08-24,SKU-006,WH-001,DELIVERY,69,229.69
EVT-0147-SKU-007,2026-08-24,SKU-007,WH-001,DELIVERY,26,102.43
EVT-0147-SKU-008,2026-08-24,SKU-008,WH-001,DELIVERY,10,56.84
EVT-0147-SKU-009,2026-08-24,SKU-009,WH-003,DELIVERY,8,449.31
EVT-0147-SKU-010,2026-08-24,SKU-010,WH-001,DELIVERY,59,148.89
EVT-0147-SKU-011,2026-08-24,SKU-011,WH-001,DELIVERY,47,329.39
EVT-0147-SKU-012,2026-08-24,SKU-012,WH-001,DELIVERY,20,167.46
REC-0147-SKU-012,2026-08-24,SKU-012,WH-001,RECEIPT,248,388.37
EVT-0147-SKU-013,2026-08-24,SKU-013,WH-003,DELIVERY,63,139.52
EVT-0147-SKU-014,2026-08-24,SKU-014,WH-002,DELIVERY,40,271.7
EVT-0147-SKU-015,2026-08-24,SKU-015,WH-003,DELIVERY,37,204.17
EVT-0147-SKU-016,2026-08-24,SKU-016,WH-003,DELIVERY,52,52.37
EVT-0147-SKU-017,2026-08-24,SKU-017,WH-003,DELIVERY,23,418.26
EVT-0147-SKU-018,2026-08-24,SKU-018,WH-003,DELIVERY,32,122.52
EVT-0147-SKU-019,2026-08-24,SKU-019,WH-001,DELIVERY,48,143.79
REC-0147-SKU-019,2026-08-24,SKU-019,WH-001,RECEIPT,88,94.22
EVT-0147-SKU-020,2026-08-24,SKU-020,WH-003,DELIVERY,49,328.48
EVT-0148-SKU-001,2026-08-25,SKU-001,WH-003,DELIVERY,23,113.17
EVT-0148-SKU-002,2026-08-25,SKU-002,WH-001,DELIVERY,47,56.16
EVT-0148-SKU-003,2026-08-25,SKU-003,WH-003,DELIVERY,46,112.47
EVT-0148-SKU-004,2026-08-25,SKU-004,WH-001,DELIVERY,29,239.92
EVT-0148-SKU-005,2026-08-25,SKU-005,WH-002,DELIVERY,35,284.2
EVT-0148-SKU-006,2026-08-25,SKU-006,WH-002,DELIVERY,21,498.72
EVT-0148-SKU-007,2026-08-25,SKU-007,WH-002,DELIVERY,25,168.42
EVT-0148-SKU-008,2026-08-25,SKU-008,WH-003,DELIVERY,47,377.37
EVT-0148-SKU-009,2026-08-25,SKU-009,WH-001,DELIVERY,30,466.53
EVT-0148-SKU-010,2026-08-25,SKU-010,WH-003,DELIVERY,46,64.74
EVT-0148-SKU-011,2026-08-25,SKU-011,WH-003,DELIVERY,13,379.3
EVT-0148-SKU-012,2026-08-25,SKU-012,WH-001,DELIVERY,43,287.95
EVT-0148-SKU-013,2026-08-25,SKU-013,WH-001,DELIVERY,40,290.09
EVT-0148-SKU-014,2026-08-25,SKU-014,WH-001,DELIVERY,43,78.44
EVT-0148-SKU-015,2026-08-25,SKU-015,WH-002,DELIVERY,38,60.25
EVT-0148-SKU-016,2026-08-25,SKU-016,WH-001,DELIVERY,55,403.41
EVT-0148-SKU-017,2026-08-25,SKU-017,WH-003,DELIVERY,47,331.57
EVT-0148-SKU-018,2026-08-25,SKU-018,WH-003,DELIVERY,50,252.01
EVT-0148-SKU-019,2026-08-25,SKU-019,WH-002,DELIVERY,60,396.64
EVT-0148-SKU-020,2026-08-25,SKU-020,WH-003,DELIVERY,43,188.35
EVT-0149-SKU-001,2026-08-26,SKU-001,WH-001,DELIVERY,34,241.93
EVT-0149-SKU-002,2026-08-26,SKU-002,WH-001,DELIVERY,27,384.3
EVT-0149-SKU-003,2026-08-26,SKU-003,WH-003,DELIVERY,46,92.97
EVT-0149-SKU-004,2026-08-26,SKU-004,WH-002,DELIVERY,49,79.12
EVT-0149-SKU-005,2026-08-26,SKU-005,WH-003,DELIVERY,32,280.22
EVT-0149-SKU-006,2026-08-26,SKU-006,WH-001,DELIVERY,26,391.09
EVT-0149-SKU-007,2026-08-26,SKU-007,WH-002,DELIVERY,37,52.08
EVT-0149-SKU-008,2026-08-26,SKU-008,WH-001,DELIVERY,42,447.46
EVT-0149-SKU-009,2026-08-26,SKU-009,WH-002,DELIVERY,36,166.54
EVT-0149-SKU-010,2026-08-26,SKU-010,WH-002,DELIVERY,36,96.55
EVT-0149-SKU-011,2026-08-26,SKU-011,WH-001,DELIVERY,44,210.0
EVT-0149-SKU-012,2026-08-26,SKU-012,WH-002,DELIVERY,26,118.31
EVT-0149-SKU-013,2026-08-26,SKU-013,WH-003,DELIVERY,58,64.4
EVT-0149-SKU-014,2026-08-26,SKU-014,WH-001,DELIVERY,44,433.77
EVT-0149-SKU-015,2026-08-26,SKU-015,WH-003,DELIVERY,13,398.16
EVT-0149-SKU-016,2026-08-26,SKU-016,WH-001,DELIVERY,74,163.19
EVT-0149-SKU-017,2026-08-26,SKU-017,WH-001,DELIVERY,46,449.49
EVT-0149-SKU-018,2026-08-26,SKU-018,WH-002,DELIVERY,33,158.98
EVT-0149-SKU-019,2026-08-26,SKU-019,WH-003,DELIVERY,53,277.21
EVT-0149-SKU-020,2026-08-26,SKU-020,WH-003,DELIVERY,35,283.03
EVT-0150-SKU-001,2026-08-27,SKU-001,WH-002,DELIVERY,39,360.46
EVT-0150-SKU-002,2026-08-27,SKU-002,WH-003,DELIVERY,46,302.85
EVT-0150-SKU-003,2026-08-27,SKU-003,WH-002,DELIVERY,39,387.98
EVT-0150-SKU-004,2026-08-27,SKU-004,WH-002,DELIVERY,42,428.72
EVT-0150-SKU-005,2026-08-27,SKU-005,WH-001,DELIVERY,64,252.5
REC-0150-SKU-005,2026-08-27,SKU-005,WH-001,RECEIPT,179,174.15
EVT-0150-SKU-006,2026-08-27,SKU-006,WH-003,DELIVERY,58,203.15
REC-0150-SKU-006,2026-08-27,SKU-006,WH-003,RECEIPT,154,438.49
EVT-0150-SKU-007,2026-08-27,SKU-007,WH-001,DELIVERY,48,209.76
EVT-0150-SKU-008,2026-08-27,SKU-008,WH-002,DELIVERY,59,438.12
REC-0150-SKU-008,2026-08-27,SKU-008,WH-002,RECEIPT,101,256.12
EVT-0150-SKU-009,2026-08-27,SKU-009,WH-002,DELIVERY,31,304.83
REC-0150-SKU-009,2026-08-27,SKU-009,WH-002,RECEIPT,137,376.16
EVT-0150-SKU-010,2026-08-27,SKU-010,WH-002,DELIVERY,45,360.81
EVT-0150-SKU-011,2026-08-27,SKU-011,WH-002,DELIVERY,24,422.61
REC-0150-SKU-011,2026-08-27,SKU-011,WH-002,RECEIPT,167,57.27
EVT-0150-SKU-012,2026-08-27,SKU-012,WH-003,DELIVERY,68,496.84
EVT-0150-SKU-013,2026-08-27,SKU-013,WH-001,DELIVERY,42,419.01
EVT-0150-SKU-014,2026-08-27,SKU-014,WH-003,DELIVERY,48,184.93
REC-0150-SKU-014,2026-08-27,SKU-014,WH-003,RECEIPT,181,375.09
EVT-0150-SKU-015,2026-08-27,SKU-015,WH-001,DELIVERY,41,249.18
EVT-0150-SKU-016,2026-08-27,SKU-016,WH-003,DELIVERY,35,96.94
REC-0150-SKU-016,2026-08-27,SKU-016,WH-003,RECEIPT,235,488.77
EVT-0150-SKU-017,2026-08-27,SKU-017,WH-001,DELIVERY,25,139.72
EVT-0150-SKU-018,2026-08-27,SKU-018,WH-003,DELIVERY,30,143.83
EVT-0150-SKU-019,2026-08-27,SKU-019,WH-001,DELIVERY,34,321.46
EVT-0150-SKU-020,2026-08-27,SKU-020,WH-002,DELIVERY,10,83.84
EVT-0151-SKU-001,2026-08-28,SKU-001,WH-003,DELIVERY,148,136.0
EVT-0151-SKU-002,2026-08-28,SKU-002,WH-001,DELIVERY,25,193.91
EVT-0151-SKU-003,2026-08-28,SKU-003,WH-001,DELIVERY,18,46.04
EVT-0151-SKU-004,2026-08-28,SKU-004,WH-002,DELIVERY,32,363.31
EVT-0151-SKU-005,2026-08-28,SKU-005,WH-003,DELIVERY,33,373.4
EVT-0151-SKU-006,2026-08-28,SKU-006,WH-001,DELIVERY,72,352.86
EVT-0151-SKU-007,2026-08-28,SKU-007,WH-002,DELIVERY,31,75.08
EVT-0151-SKU-008,2026-08-28,SKU-008,WH-001,DELIVERY,32,334.07
EVT-0151-SKU-009,2026-08-28,SKU-009,WH-001,DELIVERY,31,259.58
EVT-0151-SKU-010,2026-08-28,SKU-010,WH-003,DELIVERY,37,498.59
EVT-0151-SKU-011,2026-08-28,SKU-011,WH-001,DELIVERY,42,316.9
EVT-0151-SKU-012,2026-08-28,SKU-012,WH-001,DELIVERY,33,166.51
EVT-0151-SKU-013,2026-08-28,SKU-013,WH-002,DELIVERY,48,383.17
EVT-0151-SKU-014,2026-08-28,SKU-014,WH-001,DELIVERY,44,227.33
EVT-0151-SKU-015,2026-08-28,SKU-015,WH-002,DELIVERY,25,266.49
EVT-0151-SKU-016,2026-08-28,SKU-016,WH-002,DELIVERY,24,403.74
EVT-0151-SKU-017,2026-08-28,SKU-017,WH-003,DELIVERY,37,398.94
EVT-0151-SKU-018,2026-08-28,SKU-018,WH-001,DELIVERY,34,442.42
EVT-0151-SKU-019,2026-08-28,SKU-019,WH-003,DELIVERY,48,319.42
EVT-0151-SKU-020,2026-08-28,SKU-020,WH-002,DELIVERY,32,249.59
EVT-0152-SKU-001,2026-08-29,SKU-001,WH-003,DELIVERY,46,156.85
EVT-0152-SKU-002,2026-08-29,SKU-002,WH-002,DELIVERY,68,237.7
EVT-0152-SKU-003,2026-08-29,SKU-003,WH-002,DELIVERY,27,235.26
EVT-0152-SKU-004,2026-08-29,SKU-004,WH-003,DELIVERY,33,281.27
EVT-0152-SKU-005,2026-08-29,SKU-005,WH-002,DELIVERY,39,452.33
EVT-0152-SKU-006,2026-08-29,SKU-006,WH-003,DELIVERY,36,398.91
EVT-0152-SKU-007,2026-08-29,SKU-007,WH-002,DELIVERY,41,378.86
EVT-0152-SKU-008,2026-08-29,SKU-008,WH-002,DELIVERY,63,147.52
EVT-0152-SKU-009,2026-08-29,SKU-009,WH-003,DELIVERY,39,247.71
EVT-0152-SKU-010,2026-08-29,SKU-010,WH-003,DELIVERY,36,273.4
EVT-0152-SKU-011,2026-08-29,SKU-011,WH-002,DELIVERY,228,496.27
EVT-0152-SKU-012,2026-08-29,SKU-012,WH-002,DELIVERY,47,364.83
EVT-0152-SKU-013,2026-08-29,SKU-013,WH-003,DELIVERY,29,176.35
EVT-0152-SKU-014,2026-08-29,SKU-014,WH-001,DELIVERY,34,175.95
EVT-0152-SKU-015,2026-08-29,SKU-015,WH-003,DELIVERY,17,191.96
EVT-0152-SKU-016,2026-08-29,SKU-016,WH-002,DELIVERY,59,270.2
EVT-0152-SKU-017,2026-08-29,SKU-017,WH-003,DELIVERY,16,120.56
REC-0152-SKU-017,2026-08-29,SKU-017,WH-003,RECEIPT,107,125.08
EVT-0152-SKU-018,2026-08-29,SKU-018,WH-001,DELIVERY,17,104.99
EVT-0152-SKU-019,2026-08-29,SKU-019,WH-002,DELIVERY,11,326.22
EVT-0152-SKU-020,2026-08-29,SKU-020,WH-003,DELIVERY,28,223.08
EVT-0153-SKU-001,2026-08-30,SKU-001,WH-002,DELIVERY,42,243.32
EVT-0153-SKU-002,2026-08-30,SKU-002,WH-002,DELIVERY,7,497.56
EVT-0153-SKU-003,2026-08-30,SKU-003,WH-003,DELIVERY,31,457.62
EVT-0153-SKU-004,2026-08-30,SKU-004,WH-003,DELIVERY,33,452.65
EVT-0153-SKU-005,2026-08-30,SKU-005,WH-002,DELIVERY,52,448.15
EVT-0153-SKU-006,2026-08-30,SKU-006,WH-001,DELIVERY,17,300.48
EVT-0153-SKU-007,2026-08-30,SKU-007,WH-002,DELIVERY,61,226.87
EVT-0153-SKU-008,2026-08-30,SKU-008,WH-003,DELIVERY,44,239.71
REC-0153-SKU-008,2026-08-30,SKU-008,WH-003,RECEIPT,103,400.46
EVT-0153-SKU-009,2026-08-30,SKU-009,WH-002,DELIVERY,30,464.79
EVT-0153-SKU-010,2026-08-30,SKU-010,WH-001,DELIVERY,35,412.02
EVT-0153-SKU-011,2026-08-30,SKU-011,WH-003,DELIVERY,52,411.33
EVT-0153-SKU-012,2026-08-30,SKU-012,WH-003,DELIVERY,18,464.96
EVT-0153-SKU-013,2026-08-30,SKU-013,WH-002,DELIVERY,51,108.52
REC-0153-SKU-013,2026-08-30,SKU-013,WH-002,RECEIPT,210,165.07
EVT-0153-SKU-014,2026-08-30,SKU-014,WH-001,DELIVERY,22,422.96
EVT-0153-SKU-015,2026-08-30,SKU-015,WH-002,DELIVERY,40,276.39
EVT-0153-SKU-016,2026-08-30,SKU-016,WH-002,DELIVERY,39,65.37
EVT-0153-SKU-017,2026-08-30,SKU-017,WH-003,DELIVERY,41,321.47
EVT-0153-SKU-018,2026-08-30,SKU-018,WH-001,DELIVERY,44,212.59
EVT-0153-SKU-019,2026-08-30,SKU-019,WH-003,DELIVERY,37,73.65
EVT-0153-SKU-020,2026-08-30,SKU-020,WH-001,DELIVERY,36,395.88
EVT-0154-SKU-001,2026-08-31,SKU-001,WH-003,DELIVERY,56,63.14
EVT-0154-SKU-002,2026-08-31,SKU-002,WH-001,DELIVERY,34,164.26
EVT-0154-SKU-003,2026-08-31,SKU-003,WH-002,DELIVERY,30,368.59
EVT-0154-SKU-004,2026-08-31,SKU-004,WH-001,DELIVERY,43,390.96
REC-0154-SKU-004,2026-08-31,SKU-004,WH-001,RECEIPT,113,314.3
EVT-0154-SKU-005,2026-08-31,SKU-005,WH-002,DELIVERY,61,266.36
EVT-0154-SKU-006,2026-08-31,SKU-006,WH-002,DELIVERY,42,491.71
EVT-0154-SKU-007,2026-08-31,SKU-007,WH-002,DELIVERY,67,160.89
EVT-0154-SKU-008,2026-08-31,SKU-008,WH-001,DELIVERY,44,146.77
REC-0154-SKU-008,2026-08-31,SKU-008,WH-001,RECEIPT,160,204.62
EVT-0154-SKU-009,2026-08-31,SKU-009,WH-001,DELIVERY,47,254.91
EVT-0154-SKU-010,2026-08-31,SKU-010,WH-002,DELIVERY,260,351.9
EVT-0154-SKU-011,2026-08-31,SKU-011,WH-003,DELIVERY,46,234.07
EVT-0154-SKU-012,2026-08-31,SKU-012,WH-001,DELIVERY,50,291.21
EVT-0154-SKU-013,2026-08-31,SKU-013,WH-002,DELIVERY,46,347.22
EVT-0154-SKU-014,2026-08-31,SKU-014,WH-002,DELIVERY,45,62.62
REC-0154-SKU-014,2026-08-31,SKU-014,WH-002,RECEIPT,228,188.59
EVT-0154-SKU-015,2026-08-31,SKU-015,WH-001,DELIVERY,46,416.03
REC-0154-SKU-015,2026-08-31,SKU-015,WH-001,RECEIPT,150,170.99
EVT-0154-SKU-016,2026-08-31,SKU-016,WH-001,DELIVERY,32,134.25
EVT-0154-SKU-017,2026-08-31,SKU-017,WH-001,DELIVERY,28,456.32
EVT-0154-SKU-018,2026-08-31,SKU-018,WH-003,DELIVERY,48,460.98
EVT-0154-SKU-019,2026-08-31,SKU-019,WH-001,DELIVERY,48,451.36
REC-0154-SKU-019,2026-08-31,SKU-019,WH-001,RECEIPT,106,329.0
EVT-0154-SKU-020,2026-08-31,SKU-020,WH-002,DELIVERY,25,487.89
REC-0154-SKU-020,2026-08-31,SKU-020,WH-002,RECEIPT,226,291.22
EVT-0155-SKU-001,2026-09-01,SKU-001,WH-003,DELIVERY,50,241.45
EVT-0155-SKU-002,2026-09-01,SKU-002,WH-001,DELIVERY,21,288.11
EVT-0155-SKU-003,2026-09-01,SKU-003,WH-003,DELIVERY,48,53.41
EVT-0155-SKU-004,2026-09-01,SKU-004,WH-003,DELIVERY,56,481.49
REC-0155-SKU-004,2026-09-01,SKU-004,WH-003,RECEIPT,206,401.38
EVT-0155-SKU-005,2026-09-01,SKU-005,WH-003,DELIVERY,23,466.47
EVT-0155-SKU-006,2026-09-01,SKU-006,WH-002,DELIVERY,35,68.1
EVT-0155-SKU-007,2026-09-01,SKU-007,WH-001,DELIVERY,51,435.65
REC-0155-SKU-007,2026-09-01,SKU-007,WH-001,RECEIPT,173,391.69
EVT-0155-SKU-008,2026-09-01,SKU-008,WH-002,DELIVERY,31,78.8
EVT-0155-SKU-009,2026-09-01,SKU-009,WH-001,DELIVERY,41,79.65
EVT-0155-SKU-010,2026-09-01,SKU-010,WH-003,DELIVERY,50,208.38
EVT-0155-SKU-011,2026-09-01,SKU-011,WH-003,DELIVERY,68,226.27
EVT-0155-SKU-012,2026-09-01,SKU-012,WH-003,DELIVERY,38,339.6
EVT-0155-SKU-013,2026-09-01,SKU-013,WH-001,DELIVERY,46,485.7
REC-0155-SKU-013,2026-09-01,SKU-013,WH-001,RECEIPT,222,311.69
EVT-0155-SKU-014,2026-09-01,SKU-014,WH-003,DELIVERY,39,237.78
EVT-0155-SKU-015,2026-09-01,SKU-015,WH-003,DELIVERY,60,462.55
EVT-0155-SKU-016,2026-09-01,SKU-016,WH-001,DELIVERY,18,358.22
EVT-0155-SKU-017,2026-09-01,SKU-017,WH-003,DELIVERY,46,369.71
EVT-0155-SKU-018,2026-09-01,SKU-018,WH-003,DELIVERY,29,338.25
EVT-0155-SKU-019,2026-09-01,SKU-019,WH-003,DELIVERY,29,329.58
EVT-0155-SKU-020,2026-09-01,SKU-020,WH-002,DELIVERY,56,327.99
EVT-0156-SKU-001,2026-09-02,SKU-001,WH-001,DELIVERY,35,122.36
EVT-0156-SKU-002,2026-09-02,SKU-002,WH-002,DELIVERY,27,130.15
EVT-0156-SKU-003,2026-09-02,SKU-003,WH-001,DELIVERY,52,75.88
REC-0156-SKU-003,2026-09-02,SKU-003,WH-001,RECEIPT,240,345.3
EVT-0156-SKU-004,2026-09-02,SKU-004,WH-002,DELIVERY,34,284.81
EVT-0156-SKU-005,2026-09-02,SKU-005,WH-003,DELIVERY,49,272.67
EVT-0156-SKU-006,2026-09-02,SKU-006,WH-001,DELIVERY,53,305.33
REC-0156-SKU-006,2026-09-02,SKU-006,WH-001,RECEIPT,89,403.64
EVT-0156-SKU-007,2026-09-02,SKU-007,WH-003,DELIVERY,33,125.67
EVT-0156-SKU-008,2026-09-02,SKU-008,WH-002,DELIVERY,53,163.89
EVT-0156-SKU-009,2026-09-02,SKU-009,WH-003,DELIVERY,48,215.23
EVT-0156-SKU-010,2026-09-02,SKU-010,WH-003,DELIVERY,33,57.63
REC-0156-SKU-010,2026-09-02,SKU-010,WH-003,RECEIPT,122,168.61
EVT-0156-SKU-011,2026-09-02,SKU-011,WH-003,DELIVERY,48,163.43
EVT-0156-SKU-012,2026-09-02,SKU-012,WH-003,DELIVERY,57,313.05
EVT-0156-SKU-013,2026-09-02,SKU-013,WH-001,DELIVERY,26,333.62
EVT-0156-SKU-014,2026-09-02,SKU-014,WH-003,DELIVERY,57,304.98
EVT-0156-SKU-015,2026-09-02,SKU-015,WH-002,DELIVERY,44,291.24
REC-0156-SKU-015,2026-09-02,SKU-015,WH-002,RECEIPT,167,226.25
EVT-0156-SKU-016,2026-09-02,SKU-016,WH-002,DELIVERY,32,353.04
EVT-0156-SKU-017,2026-09-02,SKU-017,WH-001,DELIVERY,29,262.32
EVT-0156-SKU-018,2026-09-02,SKU-018,WH-002,DELIVERY,37,304.7
EVT-0156-SKU-019,2026-09-02,SKU-019,WH-003,DELIVERY,43,319.65
EVT-0156-SKU-020,2026-09-02,SKU-020,WH-001,DELIVERY,58,496.06
REC-0156-SKU-020,2026-09-02,SKU-020,WH-001,RECEIPT,223,366.88
EVT-0157-SKU-001,2026-09-03,SKU-001,WH-002,DELIVERY,20,160.91
EVT-0157-SKU-002,2026-09-03,SKU-002,WH-003,DELIVERY,62,320.55
EVT-0157-SKU-003,2026-09-03,SKU-003,WH-003,DELIVERY,185,328.94
EVT-0157-SKU-004,2026-09-03,SKU-004,WH-003,DELIVERY,49,419.19
EVT-0157-SKU-005,2026-09-03,SKU-005,WH-001,DELIVERY,53,131.61
EVT-0157-SKU-006,2026-09-03,SKU-006,WH-003,DELIVERY,31,404.99
EVT-0157-SKU-007,2026-09-03,SKU-007,WH-002,DELIVERY,42,248.69
EVT-0157-SKU-008,2026-09-03,SKU-008,WH-002,DELIVERY,49,139.63
EVT-0157-SKU-009,2026-09-03,SKU-009,WH-002,DELIVERY,33,374.81
EVT-0157-SKU-010,2026-09-03,SKU-010,WH-001,DELIVERY,34,245.77
EVT-0157-SKU-011,2026-09-03,SKU-011,WH-001,DELIVERY,56,108.86
EVT-0157-SKU-012,2026-09-03,SKU-012,WH-002,DELIVERY,41,404.53
EVT-0157-SKU-013,2026-09-03,SKU-013,WH-002,DELIVERY,45,498.89
EVT-0157-SKU-014,2026-09-03,SKU-014,WH-003,DELIVERY,50,376.95
EVT-0157-SKU-015,2026-09-03,SKU-015,WH-002,DELIVERY,51,276.56
EVT-0157-SKU-016,2026-09-03,SKU-016,WH-002,DELIVERY,40,102.95
EVT-0157-SKU-017,2026-09-03,SKU-017,WH-003,DELIVERY,47,66.85
EVT-0157-SKU-018,2026-09-03,SKU-018,WH-003,DELIVERY,19,404.46
EVT-0157-SKU-019,2026-09-03,SKU-019,WH-003,DELIVERY,30,266.65
EVT-0157-SKU-020,2026-09-03,SKU-020,WH-003,DELIVERY,43,380.77
EVT-0158-SKU-001,2026-09-04,SKU-001,WH-003,DELIVERY,26,207.31
EVT-0158-SKU-002,2026-09-04,SKU-002,WH-003,DELIVERY,25,172.5
EVT-0158-SKU-003,2026-09-04,SKU-003,WH-002,DELIVERY,65,413.71
EVT-0158-SKU-004,2026-09-04,SKU-004,WH-002,DELIVERY,33,468.98
EVT-0158-SKU-005,2026-09-04,SKU-005,WH-001,DELIVERY,60,145.6
EVT-0158-SKU-006,2026-09-04,SKU-006,WH-001,DELIVERY,45,100.32
EVT-0158-SKU-007,2026-09-04,SKU-007,WH-002,DELIVERY,215,261.04
EVT-0158-SKU-008,2026-09-04,SKU-008,WH-003,DELIVERY,36,295.55
EVT-0158-SKU-009,2026-09-04,SKU-009,WH-003,DELIVERY,48,281.4
EVT-0158-SKU-010,2026-09-04,SKU-010,WH-002,DELIVERY,46,497.75
EVT-0158-SKU-011,2026-09-04,SKU-011,WH-001,DELIVERY,16,142.16
EVT-0158-SKU-012,2026-09-04,SKU-012,WH-003,DELIVERY,40,370.91
EVT-0158-SKU-013,2026-09-04,SKU-013,WH-003,DELIVERY,22,429.14
EVT-0158-SKU-014,2026-09-04,SKU-014,WH-002,DELIVERY,50,476.86
EVT-0158-SKU-015,2026-09-04,SKU-015,WH-003,DELIVERY,44,411.56
EVT-0158-SKU-016,2026-09-04,SKU-016,WH-003,DELIVERY,61,424.72
EVT-0158-SKU-017,2026-09-04,SKU-017,WH-001,DELIVERY,20,328.38
EVT-0158-SKU-018,2026-09-04,SKU-018,WH-001,DELIVERY,24,43.73
EVT-0158-SKU-019,2026-09-04,SKU-019,WH-003,DELIVERY,40,370.07
EVT-0158-SKU-020,2026-09-04,SKU-020,WH-002,DELIVERY,49,115.93
EVT-0159-SKU-001,2026-09-05,SKU-001,WH-002,DELIVERY,34,401.98
EVT-0159-SKU-002,2026-09-05,SKU-002,WH-002,DELIVERY,39,159.76
EVT-0159-SKU-003,2026-09-05,SKU-003,WH-003,DELIVERY,30,436.86
EVT-0159-SKU-004,2026-09-05,SKU-004,WH-002,DELIVERY,30,81.51
EVT-0159-SKU-005,2026-09-05,SKU-005,WH-002,DELIVERY,52,220.55
EVT-0159-SKU-006,2026-09-05,SKU-006,WH-003,DELIVERY,31,95.63
EVT-0159-SKU-007,2026-09-05,SKU-007,WH-001,DELIVERY,56,402.12
EVT-0159-SKU-008,2026-09-05,SKU-008,WH-003,DELIVERY,47,484.65
EVT-0159-SKU-009,2026-09-05,SKU-009,WH-002,DELIVERY,42,458.44
EVT-0159-SKU-010,2026-09-05,SKU-010,WH-003,DELIVERY,46,118.75
EVT-0159-SKU-011,2026-09-05,SKU-011,WH-003,DELIVERY,30,74.67
EVT-0159-SKU-012,2026-09-05,SKU-012,WH-001,DELIVERY,44,106.18
EVT-0159-SKU-013,2026-09-05,SKU-013,WH-002,DELIVERY,29,305.7
EVT-0159-SKU-014,2026-09-05,SKU-014,WH-002,DELIVERY,24,181.71
EVT-0159-SKU-015,2026-09-05,SKU-015,WH-001,DELIVERY,22,445.95
EVT-0159-SKU-016,2026-09-05,SKU-016,WH-001,DELIVERY,41,173.33
EVT-0159-SKU-017,2026-09-05,SKU-017,WH-003,DELIVERY,28,478.42
EVT-0159-SKU-018,2026-09-05,SKU-018,WH-003,DELIVERY,60,93.58
EVT-0159-SKU-019,2026-09-05,SKU-019,WH-003,DELIVERY,50,125.93
EVT-0159-SKU-020,2026-09-05,SKU-020,WH-002,DELIVERY,18,65.5
EVT-0160-SKU-001,2026-09-06,SKU-001,WH-003,DELIVERY,50,268.94
EVT-0160-SKU-002,2026-09-06,SKU-002,WH-001,DELIVERY,32,451.88
REC-0160-SKU-002,2026-09-06,SKU-002,WH-001,RECEIPT,115,306.61
EVT-0160-SKU-003,2026-09-06,SKU-003,WH-003,DELIVERY,53,52.92
EVT-0160-SKU-004,2026-09-06,SKU-004,WH-001,DELIVERY,35,222.68
REC-0160-SKU-004,2026-09-06,SKU-004,WH-001,RECEIPT,220,126.68
EVT-0160-SKU-005,2026-09-06,SKU-005,WH-001,DELIVERY,47,319.03
EVT-0160-SKU-006,2026-09-06,SKU-006,WH-003,DELIVERY,33,437.27
EVT-0160-SKU-007,2026-09-06,SKU-007,WH-002,DELIVERY,32,444.12
REC-0160-SKU-007,2026-09-06,SKU-007,WH-002,RECEIPT,127,148.93
EVT-0160-SKU-008,2026-09-06,SKU-008,WH-003,DELIVERY,23,68.01
REC-0160-SKU-008,2026-09-06,SKU-008,WH-003,RECEIPT,131,47.98
EVT-0160-SKU-009,2026-09-06,SKU-009,WH-002,DELIVERY,41,303.43
REC-0160-SKU-009,2026-09-06,SKU-009,WH-002,RECEIPT,108,251.7
EVT-0160-SKU-010,2026-09-06,SKU-010,WH-002,DELIVERY,51,114.98
REC-0160-SKU-010,2026-09-06,SKU-010,WH-002,RECEIPT,226,453.33
EVT-0160-SKU-011,2026-09-06,SKU-011,WH-001,DELIVERY,46,398.44
REC-0160-SKU-011,2026-09-06,SKU-011,WH-001,RECEIPT,249,51.05
EVT-0160-SKU-012,2026-09-06,SKU-012,WH-002,DELIVERY,40,167.5
REC-0160-SKU-012,2026-09-06,SKU-012,WH-002,RECEIPT,94,321.56
EVT-0160-SKU-013,2026-09-06,SKU-013,WH-001,DELIVERY,53,78.02
EVT-0160-SKU-014,2026-09-06,SKU-014,WH-001,DELIVERY,31,92.98
EVT-0160-SKU-015,2026-09-06,SKU-015,WH-001,DELIVERY,26,112.41
EVT-0160-SKU-016,2026-09-06,SKU-016,WH-002,DELIVERY,25,343.68
REC-0160-SKU-016,2026-09-06,SKU-016,WH-002,RECEIPT,109,318.69
EVT-0160-SKU-017,2026-09-06,SKU-017,WH-003,DELIVERY,37,88.07
EVT-0160-SKU-018,2026-09-06,SKU-018,WH-001,DELIVERY,34,371.97
EVT-0160-SKU-019,2026-09-06,SKU-019,WH-001,DELIVERY,37,389.58
REC-0160-SKU-019,2026-09-06,SKU-019,WH-001,RECEIPT,130,465.72
EVT-0160-SKU-020,2026-09-06,SKU-020,WH-003,DELIVERY,22,57.03
REC-0160-SKU-020,2026-09-06,SKU-020,WH-003,RECEIPT,190,214.93
EVT-0161-SKU-001,2026-09-07,SKU-001,WH-001,DELIVERY,22,443.36
EVT-0161-SKU-002,2026-09-07,SKU-002,WH-003,DELIVERY,36,391.61
EVT-0161-SKU-003,2026-09-07,SKU-003,WH-001,DELIVERY,47,354.2
REC-0161-SKU-003,2026-09-07,SKU-003,WH-001,RECEIPT,166,435.53
EVT-0161-SKU-004,2026-09-07,SKU-004,WH-003,DELIVERY,45,491.71
REC-0161-SKU-004,2026-09-07,SKU-004,WH-003,RECEIPT,232,171.89
EVT-0161-SKU-005,2026-09-07,SKU-005,WH-001,DELIVERY,62,429.56
EVT-0161-SKU-006,2026-09-07,SKU-006,WH-003,DELIVERY,42,403.85
EVT-0161-SKU-007,2026-09-07,SKU-007,WH-001,DELIVERY,36,398.44
EVT-0161-SKU-008,2026-09-07,SKU-008,WH-001,DELIVERY,24,145.28
EVT-0161-SKU-009,2026-09-07,SKU-009,WH-001,DELIVERY,44,292.86
EVT-0161-SKU-010,2026-09-07,SKU-010,WH-002,DELIVERY,46,465.05
EVT-0161-SKU-011,2026-09-07,SKU-011,WH-001,DELIVERY,39,111.84
REC-0161-SKU-011,2026-09-07,SKU-011,WH-001,RECEIPT,203,467.89
EVT-0161-SKU-012,2026-09-07,SKU-012,WH-002,DELIVERY,44,322.56
EVT-0161-SKU-013,2026-09-07,SKU-013,WH-001,DELIVERY,30,324.94
EVT-0161-SKU-014,2026-09-07,SKU-014,WH-003,DELIVERY,36,79.27
EVT-0161-SKU-015,2026-09-07,SKU-015,WH-003,DELIVERY,48,169.44
EVT-0161-SKU-016,2026-09-07,SKU-016,WH-002,DELIVERY,41,478.34
REC-0161-SKU-016,2026-09-07,SKU-016,WH-002,RECEIPT,241,335.34
EVT-0161-SKU-017,2026-09-07,SKU-017,WH-001,DELIVERY,32,66.98
EVT-0161-SKU-018,2026-09-07,SKU-018,WH-003,DELIVERY,17,456.34
EVT-0161-SKU-019,2026-09-07,SKU-019,WH-003,DELIVERY,54,450.8
EVT-0161-SKU-020,2026-09-07,SKU-020,WH-003,DELIVERY,31,243.69
EVT-0162-SKU-001,2026-09-08,SKU-001,WH-002,DELIVERY,34,155.59
REC-0162-SKU-001,2026-09-08,SKU-001,WH-002,RECEIPT,115,424.91
EVT-0162-SKU-002,2026-09-08,SKU-002,WH-002,DELIVERY,62,41.26
EVT-0162-SKU-003,2026-09-08,SKU-003,WH-003,DELIVERY,45,96.41
EVT-0162-SKU-004,2026-09-08,SKU-004,WH-001,DELIVERY,42,378.87
EVT-0162-SKU-005,2026-09-08,SKU-005,WH-003,DELIVERY,41,473.88
EVT-0162-SKU-006,2026-09-08,SKU-006,WH-001,DELIVERY,53,59.61
EVT-0162-SKU-007,2026-09-08,SKU-007,WH-003,DELIVERY,55,89.4
EVT-0162-SKU-008,2026-09-08,SKU-008,WH-003,DELIVERY,51,197.65
EVT-0162-SKU-009,2026-09-08,SKU-009,WH-002,DELIVERY,52,86.77
EVT-0162-SKU-010,2026-09-08,SKU-010,WH-002,DELIVERY,47,192.78
EVT-0162-SKU-011,2026-09-08,SKU-011,WH-002,DELIVERY,30,178.11
EVT-0162-SKU-012,2026-09-08,SKU-012,WH-001,DELIVERY,51,130.41
EVT-0162-SKU-013,2026-09-08,SKU-013,WH-003,DELIVERY,29,351.13
EVT-0162-SKU-014,2026-09-08,SKU-014,WH-002,DELIVERY,44,314.23
EVT-0162-SKU-015,2026-09-08,SKU-015,WH-001,DELIVERY,44,499.89
EVT-0162-SKU-016,2026-09-08,SKU-016,WH-003,DELIVERY,54,418.39
EVT-0162-SKU-017,2026-09-08,SKU-017,WH-002,DELIVERY,53,108.5
EVT-0162-SKU-018,2026-09-08,SKU-018,WH-003,DELIVERY,18,150.65
EVT-0162-SKU-019,2026-09-08,SKU-019,WH-003,DELIVERY,41,162.36
EVT-0162-SKU-020,2026-09-08,SKU-020,WH-002,DELIVERY,38,483.94
EVT-0163-SKU-001,2026-09-09,SKU-001,WH-001,DELIVERY,41,346.61
EVT-0163-SKU-002,2026-09-09,SKU-002,WH-002,DELIVERY,36,384.55
EVT-0163-SKU-003,2026-09-09,SKU-003,WH-003,DELIVERY,41,417.45
EVT-0163-SKU-004,2026-09-09,SKU-004,WH-003,DELIVERY,240,347.15
EVT-0163-SKU-005,2026-09-09,SKU-005,WH-002,DELIVERY,40,270.84
EVT-0163-SKU-006,2026-09-09,SKU-006,WH-003,DELIVERY,36,417.99
EVT-0163-SKU-007,2026-09-09,SKU-007,WH-003,DELIVERY,26,69.95
EVT-0163-SKU-008,2026-09-09,SKU-008,WH-003,DELIVERY,37,95.33
EVT-0163-SKU-009,2026-09-09,SKU-009,WH-002,DELIVERY,24,457.71
EVT-0163-SKU-010,2026-09-09,SKU-010,WH-001,DELIVERY,27,171.86
EVT-0163-SKU-011,2026-09-09,SKU-011,WH-002,DELIVERY,30,120.13
EVT-0163-SKU-012,2026-09-09,SKU-012,WH-002,DELIVERY,41,379.01
EVT-0163-SKU-013,2026-09-09,SKU-013,WH-003,DELIVERY,34,411.23
EVT-0163-SKU-014,2026-09-09,SKU-014,WH-003,DELIVERY,37,161.49
EVT-0163-SKU-015,2026-09-09,SKU-015,WH-003,DELIVERY,45,251.94
EVT-0163-SKU-016,2026-09-09,SKU-016,WH-001,DELIVERY,46,65.26
EVT-0163-SKU-017,2026-09-09,SKU-017,WH-003,DELIVERY,38,328.77
EVT-0163-SKU-018,2026-09-09,SKU-018,WH-003,DELIVERY,37,407.63
EVT-0163-SKU-019,2026-09-09,SKU-019,WH-002,DELIVERY,31,313.92
EVT-0163-SKU-020,2026-09-09,SKU-020,WH-001,DELIVERY,21,78.41
EVT-0164-SKU-001,2026-09-10,SKU-001,WH-001,DELIVERY,38,483.71
EVT-0164-SKU-002,2026-09-10,SKU-002,WH-001,DELIVERY,25,466.91
EVT-0164-SKU-003,2026-09-10,SKU-003,WH-002,DELIVERY,33,475.53
EVT-0164-SKU-004,2026-09-10,SKU-004,WH-003,DELIVERY,38,466.47
EVT-0164-SKU-005,2026-09-10,SKU-005,WH-003,DELIVERY,20,68.39
EVT-0164-SKU-006,2026-09-10,SKU-006,WH-002,DELIVERY,59,232.64
EVT-0164-SKU-007,2026-09-10,SKU-007,WH-002,DELIVERY,28,126.9
EVT-0164-SKU-008,2026-09-10,SKU-008,WH-002,DELIVERY,20,82.09
EVT-0164-SKU-009,2026-09-10,SKU-009,WH-001,DELIVERY,25,164.39
EVT-0164-SKU-010,2026-09-10,SKU-010,WH-003,DELIVERY,39,297.46
EVT-0164-SKU-011,2026-09-10,SKU-011,WH-002,DELIVERY,38,348.33
EVT-0164-SKU-012,2026-09-10,SKU-012,WH-003,DELIVERY,28,162.88
EVT-0164-SKU-013,2026-09-10,SKU-013,WH-001,DELIVERY,37,403.45
EVT-0164-SKU-014,2026-09-10,SKU-014,WH-001,DELIVERY,30,60.25
EVT-0164-SKU-015,2026-09-10,SKU-015,WH-001,DELIVERY,22,294.48
EVT-0164-SKU-016,2026-09-10,SKU-016,WH-002,DELIVERY,41,202.86
EVT-0164-SKU-017,2026-09-10,SKU-017,WH-003,DELIVERY,46,223.15
EVT-0164-SKU-018,2026-09-10,SKU-018,WH-003,DELIVERY,19,318.18
EVT-0164-SKU-019,2026-09-10,SKU-019,WH-003,DELIVERY,25,291.53
EVT-0164-SKU-020,2026-09-10,SKU-020,WH-003,DELIVERY,22,162.2
EVT-0165-SKU-001,2026-09-11,SKU-001,WH-001,DELIVERY,41,87.02
EVT-0165-SKU-002,2026-09-11,SKU-002,WH-001,DELIVERY,40,203.56
EVT-0165-SKU-003,2026-09-11,SKU-003,WH-003,DELIVERY,27,271.17
EVT-0165-SKU-004,2026-09-11,SKU-004,WH-002,DELIVERY,48,285.04
EVT-0165-SKU-005,2026-09-11,SKU-005,WH-003,DELIVERY,52,221.79
EVT-0165-SKU-006,2026-09-11,SKU-006,WH-003,DELIVERY,43,304.85
REC-0165-SKU-006,2026-09-11,SKU-006,WH-003,RECEIPT,85,326.69
EVT-0165-SKU-007,2026-09-11,SKU-007,WH-001,DELIVERY,43,91.96
EVT-0165-SKU-008,2026-09-11,SKU-008,WH-002,DELIVERY,42,494.08
EVT-0165-SKU-009,2026-09-11,SKU-009,WH-001,DELIVERY,38,371.07
REC-0165-SKU-009,2026-09-11,SKU-009,WH-001,RECEIPT,167,125.83
EVT-0165-SKU-010,2026-09-11,SKU-010,WH-001,DELIVERY,34,157.08
EVT-0165-SKU-011,2026-09-11,SKU-011,WH-002,DELIVERY,28,116.16
EVT-0165-SKU-012,2026-09-11,SKU-012,WH-002,DELIVERY,59,160.6
EVT-0165-SKU-013,2026-09-11,SKU-013,WH-002,DELIVERY,38,173.01
REC-0165-SKU-013,2026-09-11,SKU-013,WH-002,RECEIPT,225,231.54
EVT-0165-SKU-014,2026-09-11,SKU-014,WH-001,DELIVERY,42,380.55
EVT-0165-SKU-015,2026-09-11,SKU-015,WH-003,DELIVERY,46,386.38
REC-0165-SKU-015,2026-09-11,SKU-015,WH-003,RECEIPT,219,288.88
EVT-0165-SKU-016,2026-09-11,SKU-016,WH-003,DELIVERY,276,252.39
EVT-0165-SKU-017,2026-09-11,SKU-017,WH-001,DELIVERY,38,429.98
EVT-0165-SKU-018,2026-09-11,SKU-018,WH-001,DELIVERY,52,326.37
REC-0165-SKU-018,2026-09-11,SKU-018,WH-001,RECEIPT,240,213.2
EVT-0165-SKU-019,2026-09-11,SKU-019,WH-002,DELIVERY,24,410.19
EVT-0165-SKU-020,2026-09-11,SKU-020,WH-003,DELIVERY,35,222.08
EVT-0166-SKU-001,2026-09-12,SKU-001,WH-002,DELIVERY,50,450.56
EVT-0166-SKU-002,2026-09-12,SKU-002,WH-002,DELIVERY,35,160.16
EVT-0166-SKU-003,2026-09-12,SKU-003,WH-003,DELIVERY,45,315.59
EVT-0166-SKU-004,2026-09-12,SKU-004,WH-001,DELIVERY,41,399.28
EVT-0166-SKU-005,2026-09-12,SKU-005,WH-001,DELIVERY,36,201.58
EVT-0166-SKU-006,2026-09-12,SKU-006,WH-002,DELIVERY,28,354.07
EVT-0166-SKU-007,2026-09-12,SKU-007,WH-001,DELIVERY,47,411.45
EVT-0166-SKU-008,2026-09-12,SKU-008,WH-002,DELIVERY,27,228.96
EVT-0166-SKU-009,2026-09-12,SKU-009,WH-001,DELIVERY,30,65.67
EVT-0166-SKU-010,2026-09-12,SKU-010,WH-001,DELIVERY,39,313.29
EVT-0166-SKU-011,2026-09-12,SKU-011,WH-001,DELIVERY,30,61.6
EVT-0166-SKU-012,2026-09-12,SKU-012,WH-002,DELIVERY,70,166.03
EVT-0166-SKU-013,2026-09-12,SKU-013,WH-002,DELIVERY,36,160.58
EVT-0166-SKU-014,2026-09-12,SKU-014,WH-002,DELIVERY,40,437.98
EVT-0166-SKU-015,2026-09-12,SKU-015,WH-002,DELIVERY,26,399.96
EVT-0166-SKU-016,2026-09-12,SKU-016,WH-002,DELIVERY,61,128.45
EVT-0166-SKU-017,2026-09-12,SKU-017,WH-002,DELIVERY,56,407.51
EVT-0166-SKU-018,2026-09-12,SKU-018,WH-001,DELIVERY,57,124.79
EVT-0166-SKU-019,2026-09-12,SKU-019,WH-002,DELIVERY,38,193.64
EVT-0166-SKU-020,2026-09-12,SKU-020,WH-001,DELIVERY,36,44.21
EVT-0167-SKU-001,2026-09-13,SKU-001,WH-001,DELIVERY,43,123.28
EVT-0167-SKU-002,2026-09-13,SKU-002,WH-002,DELIVERY,35,260.05
EVT-0167-SKU-003,2026-09-13,SKU-003,WH-002,DELIVERY,23,219.47
EVT-0167-SKU-004,2026-09-13,SKU-004,WH-001,DELIVERY,51,366.2
EVT-0167-SKU-005,2026-09-13,SKU-005,WH-001,DELIVERY,17,480.01
EVT-0167-SKU-006,2026-09-13,SKU-006,WH-001,DELIVERY,189,89.84
EVT-0167-SKU-007,2026-09-13,SKU-007,WH-002,DELIVERY,30,442.32
EVT-0167-SKU-008,2026-09-13,SKU-008,WH-003,DELIVERY,3,473.21
EVT-0167-SKU-009,2026-09-13,SKU-009,WH-001,DELIVERY,48,370.41
EVT-0167-SKU-010,2026-09-13,SKU-010,WH-001,DELIVERY,35,235.49
EVT-0167-SKU-011,2026-09-13,SKU-011,WH-003,DELIVERY,45,155.57
EVT-0167-SKU-012,2026-09-13,SKU-012,WH-002,DELIVERY,44,199.03
EVT-0167-SKU-013,2026-09-13,SKU-013,WH-003,DELIVERY,54,332.36
EVT-0167-SKU-014,2026-09-13,SKU-014,WH-002,DELIVERY,44,120.42
EVT-0167-SKU-015,2026-09-13,SKU-015,WH-001,DELIVERY,31,189.18
EVT-0167-SKU-016,2026-09-13,SKU-016,WH-002,DELIVERY,23,490.78
EVT-0167-SKU-017,2026-09-13,SKU-017,WH-001,DELIVERY,68,340.3
EVT-0167-SKU-018,2026-09-13,SKU-018,WH-003,DELIVERY,45,380.29
EVT-0167-SKU-019,2026-09-13,SKU-019,WH-001,DELIVERY,62,367.95
EVT-0167-SKU-020,2026-09-13,SKU-020,WH-002,DELIVERY,58,322.8
EVT-0168-SKU-001,2026-09-14,SKU-001,WH-003,DELIVERY,58,247.35
EVT-0168-SKU-002,2026-09-14,SKU-002,WH-001,DELIVERY,32,175.0
REC-0168-SKU-002,2026-09-14,SKU-002,WH-001,RECEIPT,205,118.07
EVT-0168-SKU-003,2026-09-14,SKU-003,WH-001,DELIVERY,50,118.07
REC-0168-SKU-003,2026-09-14,SKU-003,WH-001,RECEIPT,201,202.67
EVT-0168-SKU-004,2026-09-14,SKU-004,WH-001,DELIVERY,28,67.96
REC-0168-SKU-004,2026-09-14,SKU-004,WH-001,RECEIPT,235,400.66
EVT-0168-SKU-005,2026-09-14,SKU-005,WH-001,DELIVERY,44,129.41
EVT-0168-SKU-006,2026-09-14,SKU-006,WH-003,DELIVERY,31,490.28
EVT-0168-SKU-007,2026-09-14,SKU-007,WH-003,DELIVERY,18,451.15
EVT-0168-SKU-008,2026-09-14,SKU-008,WH-001,DELIVERY,33,45.44
REC-0168-SKU-008,2026-09-14,SKU-008,WH-001,RECEIPT,211,71.8
EVT-0168-SKU-009,2026-09-14,SKU-009,WH-002,DELIVERY,26,70.8
EVT-0168-SKU-010,2026-09-14,SKU-010,WH-002,DELIVERY,45,168.27
EVT-0168-SKU-011,2026-09-14,SKU-011,WH-003,DELIVERY,48,419.89
REC-0168-SKU-011,2026-09-14,SKU-011,WH-003,RECEIPT,216,444.34
EVT-0168-SKU-012,2026-09-14,SKU-012,WH-003,DELIVERY,37,317.27
REC-0168-SKU-012,2026-09-14,SKU-012,WH-003,RECEIPT,195,364.11
EVT-0168-SKU-013,2026-09-14,SKU-013,WH-003,DELIVERY,53,458.76
EVT-0168-SKU-014,2026-09-14,SKU-014,WH-001,DELIVERY,50,96.73
REC-0168-SKU-014,2026-09-14,SKU-014,WH-001,RECEIPT,208,275.75
EVT-0168-SKU-015,2026-09-14,SKU-015,WH-002,DELIVERY,53,301.23
EVT-0168-SKU-016,2026-09-14,SKU-016,WH-003,DELIVERY,26,397.15
EVT-0168-SKU-017,2026-09-14,SKU-017,WH-002,DELIVERY,50,101.11
REC-0168-SKU-017,2026-09-14,SKU-017,WH-002,RECEIPT,106,166.15
EVT-0168-SKU-018,2026-09-14,SKU-018,WH-002,DELIVERY,39,156.74
REC-0168-SKU-018,2026-09-14,SKU-018,WH-002,RECEIPT,89,412.7
EVT-0168-SKU-019,2026-09-14,SKU-019,WH-003,DELIVERY,54,366.82
REC-0168-SKU-019,2026-09-14,SKU-019,WH-003,RECEIPT,148,100.81
EVT-0168-SKU-020,2026-09-14,SKU-020,WH-001,DELIVERY,38,338.4
REC-0168-SKU-020,2026-09-14,SKU-020,WH-001,RECEIPT,121,279.87
EVT-0169-SKU-001,2026-09-15,SKU-001,WH-001,DELIVERY,34,493.25
EVT-0169-SKU-002,2026-09-15,SKU-002,WH-001,DELIVERY,37,415.78
EVT-0169-SKU-003,2026-09-15,SKU-003,WH-001,DELIVERY,25,305.91
EVT-0169-SKU-004,2026-09-15,SKU-004,WH-001,DELIVERY,38,60.6
EVT-0169-SKU-005,2026-09-15,SKU-005,WH-001,DELIVERY,126,358.17
EVT-0169-SKU-006,2026-09-15,SKU-006,WH-002,DELIVERY,46,92.72
EVT-0169-SKU-007,2026-09-15,SKU-007,WH-003,DELIVERY,48,462.99
EVT-0169-SKU-008,2026-09-15,SKU-008,WH-003,DELIVERY,26,45.15
EVT-0169-SKU-009,2026-09-15,SKU-009,WH-002,DELIVERY,44,68.39
EVT-0169-SKU-010,2026-09-15,SKU-010,WH-003,DELIVERY,50,186.89
EVT-0169-SKU-011,2026-09-15,SKU-011,WH-003,DELIVERY,55,401.64
EVT-0169-SKU-012,2026-09-15,SKU-012,WH-002,DELIVERY,34,392.56
EVT-0169-SKU-013,2026-09-15,SKU-013,WH-001,DELIVERY,35,185.54
EVT-0169-SKU-014,2026-09-15,SKU-014,WH-001,DELIVERY,153,250.24
EVT-0169-SKU-015,2026-09-15,SKU-015,WH-001,DELIVERY,62,191.54
EVT-0169-SKU-016,2026-09-15,SKU-016,WH-002,DELIVERY,40,192.45
EVT-0169-SKU-017,2026-09-15,SKU-017,WH-002,DELIVERY,16,163.59
EVT-0169-SKU-018,2026-09-15,SKU-018,WH-001,DELIVERY,50,220.77
EVT-0169-SKU-019,2026-09-15,SKU-019,WH-002,DELIVERY,52,450.23
EVT-0169-SKU-020,2026-09-15,SKU-020,WH-002,DELIVERY,156,289.16
EVT-0170-SKU-001,2026-09-16,SKU-001,WH-002,DELIVERY,19,395.32
EVT-0170-SKU-002,2026-09-16,SKU-002,WH-001,DELIVERY,22,46.92
EVT-0170-SKU-003,2026-09-16,SKU-003,WH-002,DELIVERY,32,213.84
EVT-0170-SKU-004,2026-09-16,SKU-004,WH-001,DELIVERY,43,251.19
REC-0170-SKU-004,2026-09-16,SKU-004,WH-001,RECEIPT,215,147.68
EVT-0170-SKU-005,2026-09-16,SKU-005,WH-002,DELIVERY,26,94.42
EVT-0170-SKU-006,2026-09-16,SKU-006,WH-003,DELIVERY,34,54.09
EVT-0170-SKU-007,2026-09-16,SKU-007,WH-001,DELIVERY,24,452.52
REC-0170-SKU-007,2026-09-16,SKU-007,WH-001,RECEIPT,232,148.9
EVT-0170-SKU-008,2026-09-16,SKU-008,WH-001,DELIVERY,57,101.04
REC-0170-SKU-008,2026-09-16,SKU-008,WH-001,RECEIPT,196,430.66
EVT-0170-SKU-009,2026-09-16,SKU-009,WH-003,DELIVERY,24,214.86
EVT-0170-SKU-010,2026-09-16,SKU-010,WH-001,DELIVERY,37,42.69
REC-0170-SKU-010,2026-09-16,SKU-010,WH-001,RECEIPT,115,472.74
EVT-0170-SKU-011,2026-09-16,SKU-011,WH-002,DELIVERY,30,94.18
EVT-0170-SKU-012,2026-09-16,SKU-012,WH-002,DELIVERY,50,81.5
EVT-0170-SKU-013,2026-09-16,SKU-013,WH-002,DELIVERY,35,84.42
EVT-0170-SKU-014,2026-09-16,SKU-014,WH-002,DELIVERY,55,367.87
EVT-0170-SKU-015,2026-09-16,SKU-015,WH-001,DELIVERY,33,473.79
REC-0170-SKU-015,2026-09-16,SKU-015,WH-001,RECEIPT,211,310.31
EVT-0170-SKU-016,2026-09-16,SKU-016,WH-002,DELIVERY,42,365.28
EVT-0170-SKU-017,2026-09-16,SKU-017,WH-003,DELIVERY,38,418.72
REC-0170-SKU-017,2026-09-16,SKU-017,WH-003,RECEIPT,155,211.51
EVT-0170-SKU-018,2026-09-16,SKU-018,WH-001,DELIVERY,30,398.57
EVT-0170-SKU-019,2026-09-16,SKU-019,WH-001,DELIVERY,43,208.9
REC-0170-SKU-019,2026-09-16,SKU-019,WH-001,RECEIPT,227,48.31
EVT-0170-SKU-020,2026-09-16,SKU-020,WH-003,DELIVERY,34,330.77
EVT-0171-SKU-001,2026-09-17,SKU-001,WH-003,DELIVERY,49,251.3
EVT-0171-SKU-002,2026-09-17,SKU-002,WH-001,DELIVERY,32,437.68
EVT-0171-SKU-003,2026-09-17,SKU-003,WH-003,DELIVERY,47,371.71
REC-0171-SKU-003,2026-09-17,SKU-003,WH-003,RECEIPT,81,66.87
EVT-0171-SKU-004,2026-09-17,SKU-004,WH-002,DELIVERY,53,474.85
EVT-0171-SKU-005,2026-09-17,SKU-005,WH-001,DELIVERY,32,102.67
EVT-0171-SKU-006,2026-09-17,SKU-006,WH-001,DELIVERY,22,469.62
EVT-0171-SKU-007,2026-09-17,SKU-007,WH-001,DELIVERY,35,298.73
EVT-0171-SKU-008,2026-09-17,SKU-008,WH-001,DELIVERY,40,211.03
EVT-0171-SKU-009,2026-09-17,SKU-009,WH-003,DELIVERY,45,491.29
EVT-0171-SKU-010,2026-09-17,SKU-010,WH-002,DELIVERY,52,77.2
EVT-0171-SKU-011,2026-09-17,SKU-011,WH-003,DELIVERY,21,242.67
EVT-0171-SKU-012,2026-09-17,SKU-012,WH-001,DELIVERY,62,252.69
EVT-0171-SKU-013,2026-09-17,SKU-013,WH-003,DELIVERY,39,157.96
EVT-0171-SKU-014,2026-09-17,SKU-014,WH-003,DELIVERY,41,183.64
EVT-0171-SKU-015,2026-09-17,SKU-015,WH-003,DELIVERY,34,301.04
EVT-0171-SKU-016,2026-09-17,SKU-016,WH-002,DELIVERY,61,303.62
EVT-0171-SKU-017,2026-09-17,SKU-017,WH-002,DELIVERY,46,392.36
EVT-0171-SKU-018,2026-09-17,SKU-018,WH-003,DELIVERY,46,327.23
EVT-0171-SKU-019,2026-09-17,SKU-019,WH-002,DELIVERY,43,138.08
EVT-0171-SKU-020,2026-09-17,SKU-020,WH-001,DELIVERY,49,60.89
EVT-0172-SKU-001,2026-09-18,SKU-001,WH-003,DELIVERY,33,71.61
EVT-0172-SKU-002,2026-09-18,SKU-002,WH-001,DELIVERY,29,400.49
EVT-0172-SKU-003,2026-09-18,SKU-003,WH-002,DELIVERY,39,195.2
EVT-0172-SKU-004,2026-09-18,SKU-004,WH-002,DELIVERY,60,226.59
EVT-0172-SKU-005,2026-09-18,SKU-005,WH-003,DELIVERY,21,310.61
EVT-0172-SKU-006,2026-09-18,SKU-006,WH-003,DELIVERY,47,449.86
EVT-0172-SKU-007,2026-09-18,SKU-007,WH-003,DELIVERY,37,216.01
EVT-0172-SKU-008,2026-09-18,SKU-008,WH-002,DELIVERY,47,288.49
EVT-0172-SKU-009,2026-09-18,SKU-009,WH-002,DELIVERY,60,364.16
EVT-0172-SKU-010,2026-09-18,SKU-010,WH-002,DELIVERY,47,194.36
EVT-0172-SKU-011,2026-09-18,SKU-011,WH-002,DELIVERY,46,375.43
EVT-0172-SKU-012,2026-09-18,SKU-012,WH-003,DELIVERY,38,470.98
EVT-0172-SKU-013,2026-09-18,SKU-013,WH-001,DELIVERY,56,52.68
EVT-0172-SKU-014,2026-09-18,SKU-014,WH-001,DELIVERY,44,78.33
EVT-0172-SKU-015,2026-09-18,SKU-015,WH-002,DELIVERY,45,493.69
EVT-0172-SKU-016,2026-09-18,SKU-016,WH-001,DELIVERY,11,175.67
EVT-0172-SKU-017,2026-09-18,SKU-017,WH-003,DELIVERY,25,331.57
EVT-0172-SKU-018,2026-09-18,SKU-018,WH-003,DELIVERY,51,462.91
EVT-0172-SKU-019,2026-09-18,SKU-019,WH-002,DELIVERY,38,40.3
EVT-0172-SKU-020,2026-09-18,SKU-020,WH-003,DELIVERY,35,241.36
EVT-0173-SKU-001,2026-09-19,SKU-001,WH-003,DELIVERY,120,389.39
EVT-0173-SKU-002,2026-09-19,SKU-002,WH-001,DELIVERY,63,195.14
EVT-0173-SKU-003,2026-09-19,SKU-003,WH-002,DELIVERY,57,159.43
EVT-0173-SKU-004,2026-09-19,SKU-004,WH-001,DELIVERY,36,60.16
EVT-0173-SKU-005,2026-09-19,SKU-005,WH-001,DELIVERY,41,253.3
EVT-0173-SKU-006,2026-09-19,SKU-006,WH-002,DELIVERY,21,311.35
EVT-0173-SKU-007,2026-09-19,SKU-007,WH-003,DELIVERY,48,70.25
EVT-0173-SKU-008,2026-09-19,SKU-008,WH-002,DELIVERY,41,351.67
EVT-0173-SKU-009,2026-09-19,SKU-009,WH-002,DELIVERY,40,306.33
EVT-0173-SKU-010,2026-09-19,SKU-010,WH-002,DELIVERY,38,471.34
EVT-0173-SKU-011,2026-09-19,SKU-011,WH-002,DELIVERY,55,170.74
EVT-0173-SKU-012,2026-09-19,SKU-012,WH-003,DELIVERY,44,322.18
EVT-0173-SKU-013,2026-09-19,SKU-013,WH-001,DELIVERY,50,450.28
EVT-0173-SKU-014,2026-09-19,SKU-014,WH-002,DELIVERY,39,152.07
EVT-0173-SKU-015,2026-09-19,SKU-015,WH-003,DELIVERY,33,72.5
EVT-0173-SKU-016,2026-09-19,SKU-016,WH-002,DELIVERY,37,301.92
EVT-0173-SKU-017,2026-09-19,SKU-017,WH-003,DELIVERY,55,458.06
EVT-0173-SKU-018,2026-09-19,SKU-018,WH-001,DELIVERY,41,369.88
EVT-0173-SKU-019,2026-09-19,SKU-019,WH-002,DELIVERY,57,260.33
EVT-0173-SKU-020,2026-09-19,SKU-020,WH-003,DELIVERY,45,369.66
EVT-0174-SKU-001,2026-09-20,SKU-001,WH-003,DELIVERY,48,361.49
EVT-0174-SKU-002,2026-09-20,SKU-002,WH-001,DELIVERY,61,220.61
EVT-0174-SKU-003,2026-09-20,SKU-003,WH-002,DELIVERY,41,43.7
EVT-0174-SKU-004,2026-09-20,SKU-004,WH-003,DELIVERY,16,45.08
EVT-0174-SKU-005,2026-09-20,SKU-005,WH-001,DELIVERY,50,219.93
EVT-0174-SKU-006,2026-09-20,SKU-006,WH-001,DELIVERY,39,157.19
EVT-0174-SKU-007,2026-09-20,SKU-007,WH-003,DELIVERY,51,108.75
EVT-0174-SKU-008,2026-09-20,SKU-008,WH-002,DELIVERY,66,83.81
EVT-0174-SKU-009,2026-09-20,SKU-009,WH-003,DELIVERY,43,450.48
EVT-0174-SKU-010,2026-09-20,SKU-010,WH-002,DELIVERY,24,333.12
EVT-0174-SKU-011,2026-09-20,SKU-011,WH-003,DELIVERY,39,93.66
EVT-0174-SKU-012,2026-09-20,SKU-012,WH-002,DELIVERY,42,405.51
EVT-0174-SKU-013,2026-09-20,SKU-013,WH-002,DELIVERY,48,459.56
EVT-0174-SKU-014,2026-09-20,SKU-014,WH-003,DELIVERY,33,491.73
EVT-0174-SKU-015,2026-09-20,SKU-015,WH-002,DELIVERY,54,312.97
EVT-0174-SKU-016,2026-09-20,SKU-016,WH-002,DELIVERY,21,61.36
EVT-0174-SKU-017,2026-09-20,SKU-017,WH-002,DELIVERY,28,446.98
EVT-0174-SKU-018,2026-09-20,SKU-018,WH-002,DELIVERY,18,279.5
REC-0174-SKU-018,2026-09-20,SKU-018,WH-002,RECEIPT,145,252.49
EVT-0174-SKU-019,2026-09-20,SKU-019,WH-002,DELIVERY,54,457.37
REC-0174-SKU-019,2026-09-20,SKU-019,WH-002,RECEIPT,103,408.53
EVT-0174-SKU-020,2026-09-20,SKU-020,WH-001,DELIVERY,28,385.89
EVT-0175-SKU-001,2026-09-21,SKU-001,WH-001,DELIVERY,46,337.64
REC-0175-SKU-001,2026-09-21,SKU-001,WH-001,RECEIPT,97,202.18
EVT-0175-SKU-002,2026-09-21,SKU-002,WH-003,DELIVERY,57,280.24
EVT-0175-SKU-003,2026-09-21,SKU-003,WH-003,DELIVERY,51,88.95
EVT-0175-SKU-004,2026-09-21,SKU-004,WH-003,DELIVERY,40,286.34
EVT-0175-SKU-005,2026-09-21,SKU-005,WH-003,DELIVERY,21,301.73
EVT-0175-SKU-006,2026-09-21,SKU-006,WH-003,DELIVERY,33,117.04
EVT-0175-SKU-007,2026-09-21,SKU-007,WH-002,DELIVERY,36,496.51
EVT-0175-SKU-008,2026-09-21,SKU-008,WH-001,DELIVERY,38,392.17
EVT-0175-SKU-009,2026-09-21,SKU-009,WH-001,DELIVERY,28,273.92
EVT-0175-SKU-010,2026-09-21,SKU-010,WH-001,DELIVERY,36,167.01
EVT-0175-SKU-011,2026-09-21,SKU-011,WH-001,DELIVERY,18,372.3
EVT-0175-SKU-012,2026-09-21,SKU-012,WH-001,DELIVERY,28,293.55
EVT-0175-SKU-013,2026-09-21,SKU-013,WH-003,DELIVERY,59,102.22
REC-0175-SKU-013,2026-09-21,SKU-013,WH-003,RECEIPT,95,155.9
EVT-0175-SKU-014,2026-09-21,SKU-014,WH-002,DELIVERY,59,494.21
EVT-0175-SKU-015,2026-09-21,SKU-015,WH-003,DELIVERY,53,90.46
EVT-0175-SKU-016,2026-09-21,SKU-016,WH-002,DELIVERY,54,366.85
REC-0175-SKU-016,2026-09-21,SKU-016,WH-002,RECEIPT,112,378.43
EVT-0175-SKU-017,2026-09-21,SKU-017,WH-003,DELIVERY,43,63.33
REC-0175-SKU-017,2026-09-21,SKU-017,WH-003,RECEIPT,136,432.09
EVT-0175-SKU-018,2026-09-21,SKU-018,WH-001,DELIVERY,40,269.09
REC-0175-SKU-018,2026-09-21,SKU-018,WH-001,RECEIPT,106,152.1
EVT-0175-SKU-019,2026-09-21,SKU-019,WH-003,DELIVERY,48,271.54
EVT-0175-SKU-020,2026-09-21,SKU-020,WH-002,DELIVERY,64,227.29
EVT-0176-SKU-001,2026-09-22,SKU-001,WH-001,DELIVERY,74,369.01
REC-0176-SKU-001,2026-09-22,SKU-001,WH-001,RECEIPT,192,250.18
EVT-0176-SKU-002,2026-09-22,SKU-002,WH-002,DELIVERY,40,308.9
REC-0176-SKU-002,2026-09-22,SKU-002,WH-002,RECEIPT,113,393.24
EVT-0176-SKU-003,2026-09-22,SKU-003,WH-003,DELIVERY,47,231.23
EVT-0176-SKU-004,2026-09-22,SKU-004,WH-002,DELIVERY,41,437.99
EVT-0176-SKU-005,2026-09-22,SKU-005,WH-001,DELIVERY,13,474.29
EVT-0176-SKU-006,2026-09-22,SKU-006,WH-002,DELIVERY,25,484.07
EVT-0176-SKU-007,2026-09-22,SKU-007,WH-001,DELIVERY,31,77.33
REC-0176-SKU-007,2026-09-22,SKU-007,WH-001,RECEIPT,110,233.11
EVT-0176-SKU-008,2026-09-22,SKU-008,WH-001,DELIVERY,31,208.77
EVT-0176-SKU-009,2026-09-22,SKU-009,WH-002,DELIVERY,54,386.45
EVT-0176-SKU-010,2026-09-22,SKU-010,WH-002,DELIVERY,18,221.24
EVT-0176-SKU-011,2026-09-22,SKU-011,WH-001,DELIVERY,20,67.8
EVT-0176-SKU-012,2026-09-22,SKU-012,WH-002,DELIVERY,30,56.64
REC-0176-SKU-012,2026-09-22,SKU-012,WH-002,RECEIPT,180,490.66
EVT-0176-SKU-013,2026-09-22,SKU-013,WH-003,DELIVERY,32,301.07
EVT-0176-SKU-014,2026-09-22,SKU-014,WH-001,DELIVERY,59,318.08
EVT-0176-SKU-015,2026-09-22,SKU-015,WH-002,DELIVERY,48,239.57
EVT-0176-SKU-016,2026-09-22,SKU-016,WH-001,DELIVERY,61,107.55
REC-0176-SKU-016,2026-09-22,SKU-016,WH-001,RECEIPT,185,346.11
EVT-0176-SKU-017,2026-09-22,SKU-017,WH-003,DELIVERY,30,162.62
EVT-0176-SKU-018,2026-09-22,SKU-018,WH-001,DELIVERY,54,431.07
EVT-0176-SKU-019,2026-09-22,SKU-019,WH-003,DELIVERY,37,356.13
EVT-0176-SKU-020,2026-09-22,SKU-020,WH-003,DELIVERY,10,227.48
REC-0176-SKU-020,2026-09-22,SKU-020,WH-003,RECEIPT,159,457.42
EVT-0177-SKU-001,2026-09-23,SKU-001,WH-003,DELIVERY,54,161.29
EVT-0177-SKU-002,2026-09-23,SKU-002,WH-003,DELIVERY,48,150.13
EVT-0177-SKU-003,2026-09-23,SKU-003,WH-003,DELIVERY,75,488.09
EVT-0177-SKU-004,2026-09-23,SKU-004,WH-002,DELIVERY,32,207.75
EVT-0177-SKU-005,2026-09-23,SKU-005,WH-001,DELIVERY,40,55.98
EVT-0177-SKU-006,2026-09-23,SKU-006,WH-001,DELIVERY,69,423.85
EVT-0177-SKU-007,2026-09-23,SKU-007,WH-002,DELIVERY,73,437.24
EVT-0177-SKU-008,2026-09-23,SKU-008,WH-003,DELIVERY,45,163.54
EVT-0177-SKU-009,2026-09-23,SKU-009,WH-002,DELIVERY,24,495.57
EVT-0177-SKU-010,2026-09-23,SKU-010,WH-001,DELIVERY,50,150.37
EVT-0177-SKU-011,2026-09-23,SKU-011,WH-003,DELIVERY,16,468.35
EVT-0177-SKU-012,2026-09-23,SKU-012,WH-001,DELIVERY,44,456.73
EVT-0177-SKU-013,2026-09-23,SKU-013,WH-001,DELIVERY,44,360.96
EVT-0177-SKU-014,2026-09-23,SKU-014,WH-003,DELIVERY,48,425.84
EVT-0177-SKU-015,2026-09-23,SKU-015,WH-003,DELIVERY,49,314.13
EVT-0177-SKU-016,2026-09-23,SKU-016,WH-002,DELIVERY,45,222.65
EVT-0177-SKU-017,2026-09-23,SKU-017,WH-001,DELIVERY,300,102.89
EVT-0177-SKU-018,2026-09-23,SKU-018,WH-003,DELIVERY,57,94.59
EVT-0177-SKU-019,2026-09-23,SKU-019,WH-002,DELIVERY,55,347.14
EVT-0177-SKU-020,2026-09-23,SKU-020,WH-003,DELIVERY,55,129.89
EVT-0178-SKU-001,2026-09-24,SKU-001,WH-002,DELIVERY,44,182.12
EVT-0178-SKU-002,2026-09-24,SKU-002,WH-002,DELIVERY,30,141.2
EVT-0178-SKU-003,2026-09-24,SKU-003,WH-001,DELIVERY,60,53.79
EVT-0178-SKU-004,2026-09-24,SKU-004,WH-002,DELIVERY,55,418.1
EVT-0178-SKU-005,2026-09-24,SKU-005,WH-001,DELIVERY,44,245.45
EVT-0178-SKU-006,2026-09-24,SKU-006,WH-002,DELIVERY,37,206.86
EVT-0178-SKU-007,2026-09-24,SKU-007,WH-003,DELIVERY,50,406.85
EVT-0178-SKU-008,2026-09-24,SKU-008,WH-002,DELIVERY,32,339.22
EVT-0178-SKU-009,2026-09-24,SKU-009,WH-001,DELIVERY,45,440.06
EVT-0178-SKU-010,2026-09-24,SKU-010,WH-003,DELIVERY,45,406.45
EVT-0178-SKU-011,2026-09-24,SKU-011,WH-001,DELIVERY,51,237.79
EVT-0178-SKU-012,2026-09-24,SKU-012,WH-002,DELIVERY,32,255.29
EVT-0178-SKU-013,2026-09-24,SKU-013,WH-002,DELIVERY,54,391.07
EVT-0178-SKU-014,2026-09-24,SKU-014,WH-001,DELIVERY,30,468.92
EVT-0178-SKU-015,2026-09-24,SKU-015,WH-001,DELIVERY,50,342.81
EVT-0178-SKU-016,2026-09-24,SKU-016,WH-001,DELIVERY,34,109.91
EVT-0178-SKU-017,2026-09-24,SKU-017,WH-003,DELIVERY,47,344.78
EVT-0178-SKU-018,2026-09-24,SKU-018,WH-001,DELIVERY,47,317.94
EVT-0178-SKU-019,2026-09-24,SKU-019,WH-003,DELIVERY,37,391.01
EVT-0178-SKU-020,2026-09-24,SKU-020,WH-002,DELIVERY,34,457.88
EVT-0179-SKU-001,2026-09-25,SKU-001,WH-001,DELIVERY,45,110.92
EVT-0179-SKU-002,2026-09-25,SKU-002,WH-001,DELIVERY,55,52.32
EVT-0179-SKU-003,2026-09-25,SKU-003,WH-003,DELIVERY,36,198.23
EVT-0179-SKU-004,2026-09-25,SKU-004,WH-003,DELIVERY,16,450.9
EVT-0179-SKU-005,2026-09-25,SKU-005,WH-001,DELIVERY,44,414.75
EVT-0179-SKU-006,2026-09-25,SKU-006,WH-003,DELIVERY,45,451.07
EVT-0179-SKU-007,2026-09-25,SKU-007,WH-001,DELIVERY,34,421.02
EVT-0179-SKU-008,2026-09-25,SKU-008,WH-002,DELIVERY,62,144.25
EVT-0179-SKU-009,2026-09-25,SKU-009,WH-001,DELIVERY,7,82.15
EVT-0179-SKU-010,2026-09-25,SKU-010,WH-003,DELIVERY,38,60.96
EVT-0179-SKU-011,2026-09-25,SKU-011,WH-002,DELIVERY,23,272.61
EVT-0179-SKU-012,2026-09-25,SKU-012,WH-001,DELIVERY,26,85.39
EVT-0179-SKU-013,2026-09-25,SKU-013,WH-001,DELIVERY,43,477.99
EVT-0179-SKU-014,2026-09-25,SKU-014,WH-003,DELIVERY,44,330.78
EVT-0179-SKU-015,2026-09-25,SKU-015,WH-003,DELIVERY,60,427.23
EVT-0179-SKU-016,2026-09-25,SKU-016,WH-003,DELIVERY,52,285.7
EVT-0179-SKU-017,2026-09-25,SKU-017,WH-002,DELIVERY,29,100.27
EVT-0179-SKU-018,2026-09-25,SKU-018,WH-001,DELIVERY,41,491.94
EVT-0179-SKU-019,2026-09-25,SKU-019,WH-001,DELIVERY,52,387.02
EVT-0179-SKU-020,2026-09-25,SKU-020,WH-002,DELIVERY,33,199.21
